name,specialty,category,phone,address,latitude,longitude,source_url
**Elbezm Dental Clinics** دكتور/خالد أحمد البزم,أسنان,طبيب أسنان,033027220,طريق إسكندرية مطروح الرئيسى ، الدرايسه ، العجمي البحري,31.1062749,29.7822225,https://www.google.com/maps/place/**Elbezm+Dental+Clinics**+%D8%AF%D9%83%D8%AA%D9%88%D8%B1%2F%D8%AE%D8%A7%D9%84%D8%AF+%D8%A3%D8%AD%D9%85%D8%AF+%D8%A7%D9%84%D8%A8%D8%B2%D9%85%E2%80%AD/data=!4m7!3m6!1s0x14f594ce4d71cea3:0x975945fc16ff5ce5!8m2!3d31.1062749!4d29.7822225!16s%2Fg%2F1tds3rcn!19sChIJo85xTc6U9RQR5Vz_FvxFWZc?authuser=0&hl=en&g_ep=EgoyMDI2MDkwOS4wIJJjKgBIAVAD&rclk=1
Dawood Dental Care,أسنان,عِيادة أسنان,01204900040,"Above Abu Dahi Juices, 1 Salem Eid, 5 Alexandria Matrouh Main Road",31.093376,29.7635668,https://www.google.com/maps/place/Dawood+Dental+Care/data=!4m7!3m6!1s0x14f5950a91c92465:0x21e14ed65f3e3bdd!8m2!3d31.093376!4d29.7635668!16s%2Fg%2F11t0m4d3hp!19sChIJZSTJkQqV9RQR3Ts-X9ZO4SE?authuser=0&hl=en&g_ep=EgoyMDI2MDkwOS4wIJJjKgBIAVAD&rclk=1
"Dental Etch Clinic , دينتال إتش لطب الاسنان د. هشام توغان",أسنان,عِيادة أسنان,01556444534,"العجمي ،ابو يوسف ،طريق اسكندرية مطروح ،بجوار مدرسة, الاورمان",31.090348,29.755391,"https://www.google.com/maps/place/Dental+Etch+Clinic+,+%D8%AF%D9%8A%D9%86%D8%AA%D8%A7%D9%84+%D8%A5%D8%AA%D8%B4+%D9%84%D8%B7%D8%A8+%D8%A7%D9%84%D8%A7%D8%B3%D9%86%D8%A7%D9%86+%D8%AF.+%D9%87%D8%B4%D8%A7%D9%85+%D8%AA%D9%88%D8%BA%D8%A7%D9%86%E2%80%AD/data=!4m7!3m6!1s0x14f59515583fd5e5:0x854a4ac8b84caa19!8m2!3d31.090348!4d29.755391!16s%2Fg%2F11rcbfvls_!19sChIJ5dU_WBWV9RQRGapMuMhKSoU?authuser=0&hl=en&g_ep=EgoyMDI2MDkwOS4wIJJjKgBIAVAD&rclk=1"
Dr. Abdelrahman Mohamed Khedr دكتور عبدالرحمن محمد خضر,أسنان,عِيادة أسنان,01091677822,"برج الخليل الدور الثانى فوق دار الأشعة, شارع الهانوفيل الرئيسى",31.0996811,29.7710251,https://www.google.com/maps/place/Dr.+Abdelrahman+Mohamed+Khedr+%D8%AF%D9%83%D8%AA%D9%88%D8%B1+%D8%B9%D8%A8%D8%AF%D8%A7%D9%84%D8%B1%D8%AD%D9%85%D9%86+%D9%85%D8%AD%D9%85%D8%AF+%D8%AE%D8%B6%D8%B1%E2%80%AD/data=!4m7!3m6!1s0x14f5952c0ad57a55:0xb6d88898fa64c20!8m2!3d31.0996811!4d29.7710251!16s%2Fg%2F11l759j05p!19sChIJVXrVCiyV9RQRIEymj4mIbQs?authuser=0&hl=en&g_ep=EgoyMDI2MDkwOS4wIJJjKgBIAVAD&rclk=1
Dr. Satea Mohamed,أسنان,طبيب أسنان,01223883396,Vectoria,31.1357019,29.8220502,https://www.google.com/maps/place/Dr.+Satea+Mohamed/data=!4m7!3m6!1s0x14f5ea9047dce8a1:0xc6478eb21f8a5225!8m2!3d31.1357019!4d29.8220502!16s%2Fg%2F11cn6c57hd!19sChIJoejcR5Dq9RQRJVKKH7KOR8Y?authuser=0&hl=en&g_ep=EgoyMDI2MDkwOS4wIJJjKgBIAVAD&rclk=1
El Safwa Dental Center - مركز الصفوة لطب وتقويم الأسنان,أسنان,طبيب أسنان,01211640929,"العجمي _ابويوسف_طريق اسكندرية مطروح الرئيسي-امام مدخل, Al Haded We Al Soulb",31.0928247,29.7609811,https://www.google.com/maps/place/El+Safwa+Dental+Center+-+%D9%85%D8%B1%D9%83%D8%B2+%D8%A7%D9%84%D8%B5%D9%81%D9%88%D8%A9+%D9%84%D8%B7%D8%A8+%D9%88%D8%AA%D9%82%D9%88%D9%8A%D9%85+%D8%A7%D9%84%D8%A3%D8%B3%D9%86%D8%A7%D9%86%E2%80%AD/data=!4m7!3m6!1s0x14f595a5907ff301:0x52ca13a914e3d13b!8m2!3d31.0928247!4d29.7609811!16s%2Fg%2F11k_nt4z7_!19sChIJAfN_kKWV9RQRO9HjFKkTylI?authuser=0&hl=en&g_ep=EgoyMDI2MDkwOS4wIJJjKgBIAVAD&rclk=1
Farahat dental care,أسنان,عِيادة أسنان,,"مدارس العجمي النموذجيه, Alexandria - Marsa Matrouh Rd",31.102151,29.7765454,https://www.google.com/maps/place/Farahat+dental+care/data=!4m7!3m6!1s0x14f595005b3a374d:0xc658cda16b68c30f!8m2!3d31.102151!4d29.7765454!16s%2Fg%2F11vz57lc4p!19sChIJTTc6WwCV9RQRD8Noa6HNWMY?authuser=0&hl=en&g_ep=EgoyMDI2MDkwOS4wIJJjKgBIAVAD&rclk=1
Infinity Dental Center - مركز إنفينيتي لطب الأسنان,أسنان,عِيادة أسنان,3020444,Alexandria - Marsa Matrouh Rd,31.105177,29.7801266,https://www.google.com/maps/place/Infinity+Dental+Center+-+%D9%85%D8%B1%D9%83%D8%B2+%D8%A5%D9%86%D9%81%D9%8A%D9%86%D9%8A%D8%AA%D9%8A+%D9%84%D8%B7%D8%A8+%D8%A7%D9%84%D8%A3%D8%B3%D9%86%D8%A7%D9%86%E2%80%AD/data=!4m7!3m6!1s0x14f5951ed1a421cf:0x31c7e6d40c6e7d9!8m2!3d31.105177!4d29.7801266!16s%2Fg%2F11h6xlyvhb!19sChIJzyGk0R6V9RQR2efGQG1-HAM?authuser=0&hl=en&g_ep=EgoyMDI2MDkwOS4wIJJjKgBIAVAD&rclk=1
Nova Dental Art,أسنان,عِيادة أسنان,01118617646,طريق اسكندرية مطروح الكيلو ٢١ الشارع الرئيسي Alexandria,31.0812421,29.7395975,https://www.google.com/maps/place/Nova+Dental+Art/data=!4m7!3m6!1s0x14f5939d4e59fc97:0x7c9cbdc19cbbd8ab!8m2!3d31.0812421!4d29.7395975!16s%2Fg%2F11vzy8bn04!19sChIJl_xZTp2T9RQRq9i7nMG9nHw?authuser=0&hl=en&g_ep=EgoyMDI2MDkwOS4wIJJjKgBIAVAD&rclk=1
WeCare Dental Clinics - عيادات وي كير لطب الأسنان العجمي,أسنان,عِيادة أسنان,01503080822,"شارع إسكندرية، Mersa Matruh, مطروح،, الهانوفيل، فوق محلات الشناوي للموبايلات",31.1008125,29.7744375,https://www.google.com/maps/place/WeCare+Dental+Clinics+-+%D8%B9%D9%8A%D8%A7%D8%AF%D8%A7%D8%AA+%D9%88%D9%8A+%D9%83%D9%8A%D8%B1+%D9%84%D8%B7%D8%A8+%D8%A7%D9%84%D8%A3%D8%B3%D9%86%D8%A7%D9%86+%D8%A7%D9%84%D8%B9%D8%AC%D9%85%D9%8A%E2%80%AD/data=!4m7!3m6!1s0x14f595334ea01dcf:0xfc01ce0d7744dd69!8m2!3d31.1008125!4d29.7744375!16s%2Fg%2F11tfyxkkk6!19sChIJzx2gTjOV9RQRad1Edw3OAfw?authuser=0&hl=en&g_ep=EgoyMDI2MDkwOS4wIJJjKgBIAVAD&rclk=1
د/ حفنى السودانى,أسنان,طبيب أسنان,01227079414,3QW9+J98، مقابل نقطة فوزى معاذ، طريق اسكندرية,31.0965297,29.768446,https://www.google.com/maps/place/%D8%AF%2F+%D8%AD%D9%81%D9%86%D9%89+%D8%A7%D9%84%D8%B3%D9%88%D8%AF%D8%A7%D9%86%D9%89%E2%80%AD/data=!4m7!3m6!1s0x14f594bfab29b181:0x9ab36861ff68824!8m2!3d31.0965297!4d29.768446!16s%2Fg%2F11h6fkp1yc!19sChIJgbEpq7-U9RQRJIj2H4Y2qwk?authuser=0&hl=en&g_ep=EgoyMDI2MDkwOS4wIJJjKgBIAVAD&rclk=1
د/ ريهام ممدوح لطب الأسنان,أسنان,طبيب أسنان,01001085342,3PJP+3VM، مدخل اكتوبر,31.0802004,29.7371603,https://www.google.com/maps/place/%D8%AF%2F+%D8%B1%D9%8A%D9%87%D8%A7%D9%85+%D9%85%D9%85%D8%AF%D9%88%D8%AD+%D9%84%D8%B7%D8%A8+%D8%A7%D9%84%D8%A3%D8%B3%D9%86%D8%A7%D9%86%E2%80%AD/data=!4m7!3m6!1s0x14f59383f0856fe9:0xc95f4869ff2f7634!8m2!3d31.0802004!4d29.7371603!16s%2Fg%2F11h60f84q5!19sChIJ6W-F8IOT9RQRNHYv_2lIX8k?authuser=0&hl=en&g_ep=EgoyMDI2MDkwOS4wIJJjKgBIAVAD&rclk=1
دكتور أحمد الشرقاوى - أخصائى تقويم الأسنان,أسنان,طبيب تقويم أسنان,,3QV6+5G2,31.0929227,29.7614033,https://www.google.com/maps/place/%D8%AF%D9%83%D8%AA%D9%88%D8%B1+%D8%A3%D8%AD%D9%85%D8%AF+%D8%A7%D9%84%D8%B4%D8%B1%D9%82%D8%A7%D9%88%D9%89+-+%D8%A3%D8%AE%D8%B5%D8%A7%D8%A6%D9%89+%D8%AA%D9%82%D9%88%D9%8A%D9%85+%D8%A7%D9%84%D8%A3%D8%B3%D9%86%D8%A7%D9%86%E2%80%AD/data=!4m7!3m6!1s0x14f5950001508ab7:0x4294db4522f0fe9d!8m2!3d31.0929227!4d29.7614033!16s%2Fg%2F11zd91hdj9!19sChIJt4pQAQCV9RQRnf7wIkXblEI?authuser=0&hl=en&g_ep=EgoyMDI2MDkwOS4wIJJjKgBIAVAD&rclk=1
دكتور أحمد الشرقاوى - أخصائى تقويم الأسنان,أسنان,طبيب تقويم أسنان,01507224411,3QV6+5G2,31.092933,29.7614181,https://www.google.com/maps/place/%D8%AF%D9%83%D8%AA%D9%88%D8%B1+%D8%A3%D8%AD%D9%85%D8%AF+%D8%A7%D9%84%D8%B4%D8%B1%D9%82%D8%A7%D9%88%D9%89+-+%D8%A3%D8%AE%D8%B5%D8%A7%D8%A6%D9%89+%D8%AA%D9%82%D9%88%D9%8A%D9%85+%D8%A7%D9%84%D8%A3%D8%B3%D9%86%D8%A7%D9%86%E2%80%AD/data=!4m7!3m6!1s0x14f59500229a5d03:0x4871603b4e4e0e8d!8m2!3d31.092933!4d29.7614181!16s%2Fg%2F11ntl5hp3j!19sChIJA12aIgCV9RQRjQ5OTjtgcUg?authuser=0&hl=en&g_ep=EgoyMDI2MDkwOS4wIJJjKgBIAVAD&rclk=1
دكتور أحمد الشرقاوى أخصائى تقويم الاسنان,أسنان,طبيب تقويم أسنان,,3QV6+5G2,31.0929235,29.7614184,https://www.google.com/maps/place/%D8%AF%D9%83%D8%AA%D9%88%D8%B1+%D8%A3%D8%AD%D9%85%D8%AF+%D8%A7%D9%84%D8%B4%D8%B1%D9%82%D8%A7%D9%88%D9%89+%D8%A3%D8%AE%D8%B5%D8%A7%D8%A6%D9%89+%D8%AA%D9%82%D9%88%D9%8A%D9%85+%D8%A7%D9%84%D8%A7%D8%B3%D9%86%D8%A7%D9%86%E2%80%AD/data=!4m7!3m6!1s0x14f5950071b2e8df:0x559cefe089eabea5!8m2!3d31.0929235!4d29.7614184!16s%2Fg%2F11zh6ybm7k!19sChIJ3-iycQCV9RQRpb7qieDvnFU?authuser=0&hl=en&g_ep=EgoyMDI2MDkwOS4wIJJjKgBIAVAD&rclk=1
دكتور أحمد جلال,أسنان,طبيب أسنان,01012839303,"بجوار شارع مدرسة الضوى،, Alexandria - Marsa Matrouh Rd",31.094131,29.76557,https://www.google.com/maps/place/%D8%AF%D9%83%D8%AA%D9%88%D8%B1+%D8%A3%D8%AD%D9%85%D8%AF+%D8%AC%D9%84%D8%A7%D9%84%E2%80%AD/data=!4m7!3m6!1s0x14f5949602f14625:0x6b4ef62113044b47!8m2!3d31.094131!4d29.76557!16s%2Fg%2F11fl7zf2lk!19sChIJJUbxApaU9RQRR0sEEyH2Tms?authuser=0&hl=en&g_ep=EgoyMDI2MDkwOS4wIJJjKgBIAVAD&rclk=1
دكتور مدحت حاتم مصطفى,أسنان,طبيب أسنان,034384399,"شارع الهانوفيل متفرع من, Alexandria - Marsa Matrouh Rd",31.1026116,29.7682393,https://www.google.com/maps/place/%D8%AF%D9%83%D8%AA%D9%88%D8%B1+%D9%85%D8%AF%D8%AD%D8%AA+%D8%AD%D8%A7%D8%AA%D9%85+%D9%85%D8%B5%D8%B7%D9%81%D9%89%E2%80%AD/data=!4m7!3m6!1s0x14f594c1a43a3b53:0x8ba0ed84da03f57a!8m2!3d31.1026116!4d29.7682393!16s%2Fg%2F11fktdqwp9!19sChIJUzs6pMGU9RQRevUD2oTtoIs?authuser=0&hl=en&g_ep=EgoyMDI2MDkwOS4wIJJjKgBIAVAD&rclk=1
دكتور ياسر رمضان,أسنان,طبيب أسنان,01222867123,ابويوسف، ك١٩ طريق اسكندرية مطروح,31.0837196,29.7438073,https://www.google.com/maps/place/%D8%AF%D9%83%D8%AA%D9%88%D8%B1+%D9%8A%D8%A7%D8%B3%D8%B1+%D8%B1%D9%85%D8%B6%D8%A7%D9%86%E2%80%AD/data=!4m7!3m6!1s0x14f5937fe8694297:0x946fb83a04df1874!8m2!3d31.0837196!4d29.7438073!16s%2Fg%2F11h1hn4z0w!19sChIJl0Jp6H-T9RQRdBjfBDq4b5Q?authuser=0&hl=en&g_ep=EgoyMDI2MDkwOS4wIJJjKgBIAVAD&rclk=1
عيادة أسنان د.حسام حسن خضير Western Dental Clinic,أسنان,عِيادة أسنان,01013110309,شارع الجوازات بجوار فرع فودافون,31.3499329,27.2420983,https://www.google.com/maps/place/%D8%B9%D9%8A%D8%A7%D8%AF%D8%A9+%D8%A3%D8%B3%D9%86%D8%A7%D9%86+%D8%AF.%D8%AD%D8%B3%D8%A7%D9%85+%D8%AD%D8%B3%D9%86+%D8%AE%D8%B6%D9%8A%D8%B1+Western+Dental+Clinic%E2%80%AD/data=!4m7!3m6!1s0x1461f9b7a8f6c36f:0xfcddbe55729fb6c4!8m2!3d31.3499329!4d27.2420983!16s%2Fg%2F11gsn4hhn7!19sChIJb8P2qLf5YRQRxLafclW-3fw?authuser=0&hl=en&g_ep=EgoyMDI2MDkwOS4wIJJjKgBIAVAD&rclk=1
عيادة الدكتور عبد الرحمن حشيش,أسنان,عِيادة أسنان,033028181,بلاك فورست، شارع اسكندرية مطروح، أمام كافور الهانوفيل، بجوار,31.099682,29.7729065,https://www.google.com/maps/place/%D8%B9%D9%8A%D8%A7%D8%AF%D8%A9+%D8%A7%D9%84%D8%AF%D9%83%D8%AA%D9%88%D8%B1+%D8%B9%D8%A8%D8%AF+%D8%A7%D9%84%D8%B1%D8%AD%D9%85%D9%86+%D8%AD%D8%B4%D9%8A%D8%B4%E2%80%AD/data=!4m7!3m6!1s0x14f594c73dc5efdb:0x6aedb459702a5fa5!8m2!3d31.099682!4d29.7729065!16s%2Fg%2F11h0b488vg!19sChIJ2-_FPceU9RQRpV8qcFm07Wo?authuser=0&hl=en&g_ep=EgoyMDI2MDkwOS4wIJJjKgBIAVAD&rclk=1
عيادة دكتور خالد الخضرجي - وايتي دنت لتقويم وزراعة الأسنان,أسنان,عِيادة أسنان,01122588782,مدخل اكتوبر، أعلى كازيون وفرع اتصالات، شاطئ النخيل,31.0800202,29.7374161,https://www.google.com/maps/place/%D8%B9%D9%8A%D8%A7%D8%AF%D8%A9+%D8%AF%D9%83%D8%AA%D9%88%D8%B1+%D8%AE%D8%A7%D9%84%D8%AF+%D8%A7%D9%84%D8%AE%D8%B6%D8%B1%D8%AC%D9%8A+-+%D9%88%D8%A7%D9%8A%D8%AA%D9%8A+%D8%AF%D9%86%D8%AA+%D9%84%D8%AA%D9%82%D9%88%D9%8A%D9%85+%D9%88%D8%B2%D8%B1%D8%A7%D8%B9%D8%A9+%D8%A7%D9%84%D8%A3%D8%B3%D9%86%D8%A7%D9%86%E2%80%AD/data=!4m7!3m6!1s0x14f593105b282881:0x685aba1dd8d802e3!8m2!3d31.0800202!4d29.7374161!16s%2Fg%2F11z24wg1_k!19sChIJgSgoWxCT9RQR4wLY2B26Wmg?authuser=0&hl=en&g_ep=EgoyMDI2MDkwOS4wIJJjKgBIAVAD&rclk=1
عيادة دكتور محمد وهبه,أسنان,عِيادة أسنان,,18 El Eman St,31.0884005,29.7524781,https://www.google.com/maps/place/%D8%B9%D9%8A%D8%A7%D8%AF%D8%A9+%D8%AF%D9%83%D8%AA%D9%88%D8%B1+%D9%85%D8%AD%D9%85%D8%AF+%D9%88%D9%87%D8%A8%D9%87%E2%80%AD/data=!4m7!3m6!1s0x14f5953e166df2f5:0xc9923cb17a0c803e!8m2!3d31.0884005!4d29.7524781!16s%2Fg%2F11l1f5dq5p!19sChIJ9fJtFj6V9RQRPoAMerE8ksk?authuser=0&hl=en&g_ep=EgoyMDI2MDkwOS4wIJJjKgBIAVAD&rclk=1
عيادة طيبة للاسنان,أسنان,طبيب أسنان,01221658459,1 Alexandria - Marsa Matrouh Rd,31.0933747,29.7617026,https://www.google.com/maps/place/%D8%B9%D9%8A%D8%A7%D8%AF%D8%A9+%D8%B7%D9%8A%D8%A8%D8%A9+%D9%84%D9%84%D8%A7%D8%B3%D9%86%D8%A7%D9%86%E2%80%AD/data=!4m7!3m6!1s0x14f5952b9e2189c5:0x925057645b295240!8m2!3d31.0933747!4d29.7617026!16s%2Fg%2F11tjpwtb6w!19sChIJxYkhniuV9RQRQFIpW2RXUJI?authuser=0&hl=en&g_ep=EgoyMDI2MDkwOS4wIJJjKgBIAVAD&rclk=1
عياده الدكتور صـــــالح للاسنان,أسنان,طبيب أسنان,01223581020,امام بنزينه موبيل -بجوار فتح الله ماركت الاسكندريه، العجمي ميدان الهانوفيل، الشارع الرئيسسي,31.0986146,29.7714806,https://www.google.com/maps/place/%D8%B9%D9%8A%D8%A7%D8%AF%D9%87+%D8%A7%D9%84%D8%AF%D9%83%D8%AA%D9%88%D8%B1+%D8%B5%D9%80%D9%80%D9%80%D9%80%D9%80%D8%A7%D9%84%D8%AD+%D9%84%D9%84%D8%A7%D8%B3%D9%86%D8%A7%D9%86%E2%80%AD/data=!4m7!3m6!1s0x14f5c385b679f025:0xe9df5e867d9691e1!8m2!3d31.0986146!4d29.7714806!16s%2Fg%2F12hm29bt3!19sChIJJfB5toXD9RQR4ZGWfYZe3-k?authuser=0&hl=en&g_ep=EgoyMDI2MDkwOS4wIJJjKgBIAVAD&rclk=1
مركز أسنان دكتور عبده فهمي محمد,أسنان,عِيادة أسنان,01289357270,"شارع الحديد و الصلب, شارع الفردوس",31.0994984,29.7543189,https://www.google.com/maps/place/%D9%85%D8%B1%D9%83%D8%B2+%D8%A3%D8%B3%D9%86%D8%A7%D9%86+%D8%AF%D9%83%D8%AA%D9%88%D8%B1+%D8%B9%D8%A8%D8%AF%D9%87+%D9%81%D9%87%D9%85%D9%8A+%D9%85%D8%AD%D9%85%D8%AF%E2%80%AD/data=!4m7!3m6!1s0x14f59596cd9c54f5:0x82f2854dd3fb7ff1!8m2!3d31.0994984!4d29.7543189!16s%2Fg%2F11sdn39xtq!19sChIJ9VSczZaV9RQR8X_7002F8oI?authuser=0&hl=en&g_ep=EgoyMDI2MDkwOS4wIJJjKgBIAVAD&rclk=1
مركز الجوهرة للأسنان,أسنان,عِيادة أسنان,033195977,ميدان الكيلو 21 بجوار مستشفى مبرة العصافرة - العجمى - الأسكندرية,31.0786652,29.7349758,https://www.google.com/maps/place/%D9%85%D8%B1%D9%83%D8%B2+%D8%A7%D9%84%D8%AC%D9%88%D9%87%D8%B1%D8%A9+%D9%84%D9%84%D8%A3%D8%B3%D9%86%D8%A7%D9%86%E2%80%AD/data=!4m7!3m6!1s0x14f59384f03aa6ff:0x88c032d10017bb97!8m2!3d31.0786652!4d29.7349758!16s%2Fg%2F1jgm34xlk!19sChIJ_6Y68IST9RQRl7sXANEywIg?authuser=0&hl=en&g_ep=EgoyMDI2MDkwOS4wIJJjKgBIAVAD&rclk=1
مركز الجوهرة للاسنان - د. خالد عبد النبى,أسنان,عِيادة أسنان,0221294333,طريق اسكندرية مطروح - الكيلو 21 - بجوار مستشفى مبرة العصافرة,31.0784269,29.7352575,https://www.google.com/maps/place/%D9%85%D8%B1%D9%83%D8%B2+%D8%A7%D9%84%D8%AC%D9%88%D9%87%D8%B1%D8%A9+%D9%84%D9%84%D8%A7%D8%B3%D9%86%D8%A7%D9%86+-+%D8%AF.+%D8%AE%D8%A7%D9%84%D8%AF+%D8%B9%D8%A8%D8%AF+%D8%A7%D9%84%D9%86%D8%A8%D9%89%E2%80%AD/data=!4m7!3m6!1s0x14f5936b5c19850b:0x2b19dc448df4d31b!8m2!3d31.0784269!4d29.7352575!16s%2Fg%2F11h3g3bf1h!19sChIJC4UZXGuT9RQRG9P0jUTcGSs?authuser=0&hl=en&g_ep=EgoyMDI2MDkwOS4wIJJjKgBIAVAD&rclk=1
مركز الدكتور أشرف بدوى لزراعة وتجميل الأسنان,أسنان,طبيب,01003920494,3PPX+V6M، برج الحمد - ش صلاح سالم - عمارات المحاربين الجديدة - أمام مزلقان الإنشاء والتعمير,31.0872103,29.7480401,https://www.google.com/maps/place/%D9%85%D8%B1%D9%83%D8%B2+%D8%A7%D9%84%D8%AF%D9%83%D8%AA%D9%88%D8%B1+%D8%A3%D8%B4%D8%B1%D9%81+%D8%A8%D8%AF%D9%88%D9%89+%D9%84%D8%B2%D8%B1%D8%A7%D8%B9%D8%A9+%D9%88%D8%AA%D8%AC%D9%85%D9%8A%D9%84+%D8%A7%D9%84%D8%A3%D8%B3%D9%86%D8%A7%D9%86%E2%80%AD/data=!4m7!3m6!1s0x14f59593a2287fa1:0xeba3b0ee39f1ad9a!8m2!3d31.0872103!4d29.7480401!16s%2Fg%2F11fkyygk58!19sChIJoX8oopOV9RQRmq3xOe6wo-s?authuser=0&hl=en&g_ep=EgoyMDI2MDkwOS4wIJJjKgBIAVAD&rclk=1
مركز الدكتور محمد جعفر للأسنان,أسنان,عِيادة أسنان,01111281313,طريق اسكندرية مطروح,31.0790311,29.7368144,https://www.google.com/maps/place/%D9%85%D8%B1%D9%83%D8%B2+%D8%A7%D9%84%D8%AF%D9%83%D8%AA%D9%88%D8%B1+%D9%85%D8%AD%D9%85%D8%AF+%D8%AC%D8%B9%D9%81%D8%B1+%D9%84%D9%84%D8%A3%D8%B3%D9%86%D8%A7%D9%86%E2%80%AD/data=!4m7!3m6!1s0x14f5938387f87df1:0x1a528bf24a3fd7e!8m2!3d31.0790311!4d29.7368144!16s%2Fg%2F11h64x_8h5!19sChIJ8X34h4OT9RQRfv2jJL8opQE?authuser=0&hl=en&g_ep=EgoyMDI2MDkwOS4wIJJjKgBIAVAD&rclk=1
مركز الهدى للأسنان دكتور محمد بيومى,أسنان,عِيادة أسنان,01223463085,طريق اسكندرية مطروح مقابل، أبو يوسف,31.089561,29.7550216,https://www.google.com/maps/place/%D9%85%D8%B1%D9%83%D8%B2+%D8%A7%D9%84%D9%87%D8%AF%D9%89+%D9%84%D9%84%D8%A3%D8%B3%D9%86%D8%A7%D9%86+%D8%AF%D9%83%D8%AA%D9%88%D8%B1+%D9%85%D8%AD%D9%85%D8%AF+%D8%A8%D9%8A%D9%88%D9%85%D9%89%E2%80%AD/data=!4m7!3m6!1s0x14f5949ad845ba63:0xc82c181fb23f2d15!8m2!3d31.089561!4d29.7550216!16s%2Fg%2F11h0v809f3!19sChIJY7pF2JqU9RQRFS0_sh8YLMg?authuser=0&hl=en&g_ep=EgoyMDI2MDkwOS4wIJJjKgBIAVAD&rclk=1
مركز د. أحمد السيد لجراحة وطب الاسنان,أسنان,عِيادة أسنان,01224619888,ش Al Haded We Al Soulb,31.0937882,29.7604883,https://www.google.com/maps/place/%D9%85%D8%B1%D9%83%D8%B2+%D8%AF.+%D8%A3%D8%AD%D9%85%D8%AF+%D8%A7%D9%84%D8%B3%D9%8A%D8%AF+%D9%84%D8%AC%D8%B1%D8%A7%D8%AD%D8%A9+%D9%88%D8%B7%D8%A8+%D8%A7%D9%84%D8%A7%D8%B3%D9%86%D8%A7%D9%86%E2%80%AD/data=!4m7!3m6!1s0x14f595797fd6d0f5:0xb8879fe753212a9e!8m2!3d31.0937882!4d29.7604883!16s%2Fg%2F11nh3s5cdy!19sChIJ9dDWf3mV9RQRniohU-efh7g?authuser=0&hl=en&g_ep=EgoyMDI2MDkwOS4wIJJjKgBIAVAD&rclk=1
مركز سمايل دنتال كير للأسنان بالهانوفيل,أسنان,طبيب,01097555897,"2طريق اسكندرية مطروح الرئيسى أمام مدخل, Al Hanouvel",31.0994541,29.7717315,https://www.google.com/maps/place/%D9%85%D8%B1%D9%83%D8%B2+%D8%B3%D9%85%D8%A7%D9%8A%D9%84+%D8%AF%D9%86%D8%AA%D8%A7%D9%84+%D9%83%D9%8A%D8%B1+%D9%84%D9%84%D8%A3%D8%B3%D9%86%D8%A7%D9%86+%D8%A8%D8%A7%D9%84%D9%87%D8%A7%D9%86%D9%88%D9%81%D9%8A%D9%84%E2%80%AD/data=!4m7!3m6!1s0x14f5951deb3c82b1:0x68a2c672bc315f59!8m2!3d31.0994541!4d29.7717315!16s%2Fg%2F11tdmq4twb!19sChIJsYI86x2V9RQRWV8xvHLGomg?authuser=0&hl=en&g_ep=EgoyMDI2MDkwOS4wIJJjKgBIAVAD&rclk=1
مركز شهاب الدين للأسنان,أسنان,عِيادة أسنان,039519473,Alexandria - Marsa Matrouh Rd,31.1069057,29.78334,https://www.google.com/maps/place/%D9%85%D8%B1%D9%83%D8%B2+%D8%B4%D9%87%D8%A7%D8%A8+%D8%A7%D9%84%D8%AF%D9%8A%D9%86+%D9%84%D9%84%D8%A3%D8%B3%D9%86%D8%A7%D9%86%E2%80%AD/data=!4m7!3m6!1s0x14f594d21f041e93:0x16e914cf432949bb!8m2!3d31.1069057!4d29.78334!16s%2Fg%2F11h3gtt8rr!19sChIJkx4EH9KU9RQRu0kpQ88U6RY?authuser=0&hl=en&g_ep=EgoyMDI2MDkwOS4wIJJjKgBIAVAD&rclk=1
مركز عبد اللطيف للاسنان,أسنان,عِيادة أسنان,034341113,"4Q3H+XWP, Alexandria - Marsa Matrouh Rd",31.1049609,29.7798217,https://www.google.com/maps/place/%D9%85%D8%B1%D9%83%D8%B2+%D8%B9%D8%A8%D8%AF+%D8%A7%D9%84%D9%84%D8%B7%D9%8A%D9%81+%D9%84%D9%84%D8%A7%D8%B3%D9%86%D8%A7%D9%86%E2%80%AD/data=!4m7!3m6!1s0x14f594cfb14583b3:0xe1d489313918a9a3!8m2!3d31.1049609!4d29.7798217!16s%2Fg%2F11c6cd6qs8!19sChIJs4NFsc-U9RQRo6kYOTGJ1OE?authuser=0&hl=en&g_ep=EgoyMDI2MDkwOS4wIJJjKgBIAVAD&rclk=1
مركز فلوريدا لطب الأسنان,أسنان,عِيادة أسنان,033011112,"4Q3H+C8R, Alexandria - Marsa Matrouh Rd",31.1035891,29.7785314,https://www.google.com/maps/place/%D9%85%D8%B1%D9%83%D8%B2+%D9%81%D9%84%D9%88%D8%B1%D9%8A%D8%AF%D8%A7+%D9%84%D8%B7%D8%A8+%D8%A7%D9%84%D8%A3%D8%B3%D9%86%D8%A7%D9%86%E2%80%AD/data=!4m7!3m6!1s0x14f595c5293e5ac3:0x90a81816041d532f!8m2!3d31.1035891!4d29.7785314!16s%2Fg%2F11jz4nqg6b!19sChIJw1o-KcWV9RQRL1MdBBYYqJA?authuser=0&hl=en&g_ep=EgoyMDI2MDkwOS4wIJJjKgBIAVAD&rclk=1
Dr. Mohamed Fathy Sharaky,أطفال,طبيب أطفال,01010268750,3QXC+R9G,31.0995738,29.7709383,https://www.google.com/maps/place/Dr.+Mohamed+Fathy+Sharaky/data=!4m7!3m6!1s0x14f594c0b6e18909:0x4db1f96a94062a83!8m2!3d31.0995738!4d29.7709383!16s%2Fg%2F11c0rsg0g8!19sChIJCYnhtsCU9RQRgyoGlGr5sU0?authuser=0&hl=en&g_ep=EgoyMDI2MDkwOS4wIJJjKgBIAVAD&rclk=1
د ماجد عويضه استشاري طب الأطفال وحديثي الولادة,أطفال,عيادة طب أطفال,01000197739,"بجوار مسجد الدفراوي, El Thanawea Rd",31.3501836,27.2338383,https://www.google.com/maps/place/%D8%AF+%D9%85%D8%A7%D8%AC%D8%AF+%D8%B9%D9%88%D9%8A%D8%B6%D9%87+%D8%A7%D8%B3%D8%AA%D8%B4%D8%A7%D8%B1%D9%8A+%D8%B7%D8%A8+%D8%A7%D9%84%D8%A3%D8%B7%D9%81%D8%A7%D9%84+%D9%88%D8%AD%D8%AF%D9%8A%D8%AB%D9%8A+%D8%A7%D9%84%D9%88%D9%84%D8%A7%D8%AF%D8%A9%E2%80%AD/data=!4m7!3m6!1s0x4b07ec5fed122027:0x1967d3a4223cce1!8m2!3d31.3501836!4d27.2338383!16s%2Fg%2F11w1k7mhq6!19sChIJJyAS7V_sB0sR4cwjQjp9lgE?authuser=0&hl=en&g_ep=EgoyMDI2MDkwOS4wIJJjKgBIAVAD&rclk=1
د. ميلاد ابراهيم جراحة اطفال,أطفال,طبيب أطفال,01201042482,"3PJQ+GMX، الذراع البحري، أول العامرية،, Al Shark Lltamen",31.0813577,29.7392454,https://www.google.com/maps/place/%D8%AF.+%D9%85%D9%8A%D9%84%D8%A7%D8%AF+%D8%A7%D8%A8%D8%B1%D8%A7%D9%87%D9%8A%D9%85+%D8%AC%D8%B1%D8%A7%D8%AD%D8%A9+%D8%A7%D8%B7%D9%81%D8%A7%D9%84%E2%80%AD/data=!4m7!3m6!1s0x14f5937272d01011:0x717aaf273e7dca14!8m2!3d31.0813577!4d29.7392454!16s%2Fg%2F11nt4v8lr4!19sChIJERDQcnKT9RQRFMp9PievenE?authuser=0&hl=en&g_ep=EgoyMDI2MDkwOS4wIJJjKgBIAVAD&rclk=1
د/ محمد ممدوح يوسف لطب الأطفال وحديثى الولادة,أطفال,طبيب أطفال,01275784025,بجوار شارع مدرسة الضوى، طريق اسكندريةن، مطروح الكيلو ١٨,31.0941445,29.7634315,https://www.google.com/maps/place/%D8%AF%2F+%D9%85%D8%AD%D9%85%D8%AF+%D9%85%D9%85%D8%AF%D9%88%D8%AD+%D9%8A%D9%88%D8%B3%D9%81+%D9%84%D8%B7%D8%A8+%D8%A7%D9%84%D8%A3%D8%B7%D9%81%D8%A7%D9%84+%D9%88%D8%AD%D8%AF%D9%8A%D8%AB%D9%89+%D8%A7%D9%84%D9%88%D9%84%D8%A7%D8%AF%D8%A9%E2%80%AD/data=!4m7!3m6!1s0x14f59496667b3179:0xad7b559908514a03!8m2!3d31.0941445!4d29.7634315!16s%2Fg%2F11fl7cg0gc!19sChIJeTF7ZpaU9RQRA0pRCJlVe60?authuser=0&hl=en&g_ep=EgoyMDI2MDkwOS4wIJJjKgBIAVAD&rclk=1
دكتور أحمد عبدالجواد,أطفال,طبيب أطفال,01061582061,Alexandria - Marsa Matrouh Rd,31.0921598,29.7598424,https://www.google.com/maps/place/%D8%AF%D9%83%D8%AA%D9%88%D8%B1+%D8%A3%D8%AD%D9%85%D8%AF+%D8%B9%D8%A8%D8%AF%D8%A7%D9%84%D8%AC%D9%88%D8%A7%D8%AF%E2%80%AD/data=!4m7!3m6!1s0x14f59513c78eec65:0xec9fdcf89bf73034!8m2!3d31.0921598!4d29.7598424!16s%2Fg%2F11nnpvhytc!19sChIJZeyOxxOV9RQRNDD3m_jcn-w?authuser=0&hl=en&g_ep=EgoyMDI2MDkwOS4wIJJjKgBIAVAD&rclk=1
دكتور أحمد على بدر,أطفال,عيادة طب أطفال,,3QW9+WM5 امام مدارس اللواء محمد نجيب الرسمية لغات,31.0972528,29.7692477,https://www.google.com/maps/place/%D8%AF%D9%83%D8%AA%D9%88%D8%B1+%D8%A3%D8%AD%D9%85%D8%AF+%D8%B9%D9%84%D9%89+%D8%A8%D8%AF%D8%B1%E2%80%AD/data=!4m7!3m6!1s0x14f595a8f61ef9b9:0x79dd42f953085a7e!8m2!3d31.0972528!4d29.7692477!16s%2Fg%2F11kc1zh751!19sChIJufke9qiV9RQRfloIU_lC3Xk?authuser=0&hl=en&g_ep=EgoyMDI2MDkwOS4wIJJjKgBIAVAD&rclk=1
دكتور احمد سعيد حسن,أطفال,طبيب الأطفال حديثي الولادة,01027374254,"امام مدرسة الاورمان، طريق إسكندرية مطروح, Abou Youssef",31.0900805,29.7546987,https://www.google.com/maps/place/%D8%AF%D9%83%D8%AA%D9%88%D8%B1+%D8%A7%D8%AD%D9%85%D8%AF+%D8%B3%D8%B9%D9%8A%D8%AF+%D8%AD%D8%B3%D9%86%E2%80%AD/data=!4m7!3m6!1s0x14f5949ad053bdff:0x5511150d4bd545c2!8m2!3d31.0900805!4d29.7546987!16s%2Fg%2F11fkr2mnfv!19sChIJ_71T0JqU9RQRwkXVSw0VEVU?authuser=0&hl=en&g_ep=EgoyMDI2MDkwOS4wIJJjKgBIAVAD&rclk=1
دكتور رامي زكريا,أطفال,طبيب أطفال,0225983900,ميدان الهانوفيل الرئيسي - عيادات دار الطب - بجوار مشويات ابو راويه EG,31.0988624,29.7718418,https://www.google.com/maps/place/%D8%AF%D9%83%D8%AA%D9%88%D8%B1+%D8%B1%D8%A7%D9%85%D9%8A+%D8%B2%D9%83%D8%B1%D9%8A%D8%A7%E2%80%AD/data=!4m7!3m6!1s0x14f59562a50e0e2b:0xa5fd203ebecdd435!8m2!3d31.0988624!4d29.7718418!16s%2Fg%2F11fkvr4zq6!19sChIJKw4OpWKV9RQRNdTNvj4g_aU?authuser=0&hl=en&g_ep=EgoyMDI2MDkwOS4wIJJjKgBIAVAD&rclk=1
دكتور عاطف الصامولي,أطفال,طبيب أطفال,01006213677,شارع عبدالله عيسى أمام الغرفه التجاريه,31.3509403,27.2425154,https://www.google.com/maps/place/%D8%AF%D9%83%D8%AA%D9%88%D8%B1+%D8%B9%D8%A7%D8%B7%D9%81+%D8%A7%D9%84%D8%B5%D8%A7%D9%85%D9%88%D9%84%D9%8A%E2%80%AD/data=!4m7!3m6!1s0x1461ff732de40353:0x479470d854f67cfb!8m2!3d31.3509403!4d27.2425154!16s%2Fg%2F11rqhwknvt!19sChIJUwPkLXP_YRQR-3z2VNhwlEc?authuser=0&hl=en&g_ep=EgoyMDI2MDkwOS4wIJJjKgBIAVAD&rclk=1
دكتور عبدالمحسن ابراهيم عواد,أطفال,طبيب أطفال,0225983900,العجمى ابويوسف العجمى ابو يوسف طريق اسكندرية مطروح - الدور الثاني العجمي,31.0991061,29.7664216,https://www.google.com/maps/place/%D8%AF%D9%83%D8%AA%D9%88%D8%B1+%D8%B9%D8%A8%D8%AF%D8%A7%D9%84%D9%85%D8%AD%D8%B3%D9%86+%D8%A7%D8%A8%D8%B1%D8%A7%D9%87%D9%8A%D9%85+%D8%B9%D9%88%D8%A7%D8%AF%E2%80%AD/data=!4m7!3m6!1s0x14f5951bfa260ffd:0xa80d38aa9b8c4bdb!8m2!3d31.0991061!4d29.7664216!16s%2Fg%2F11h6t978pz!19sChIJ_Q8m-huV9RQR20uMm6o4Dag?authuser=0&hl=en&g_ep=EgoyMDI2MDkwOS4wIJJjKgBIAVAD&rclk=1
دكتور عبدالمقصود الجزار,أطفال,طبيب الأطفال حديثي الولادة,01113467928,Al Hanouvel,31.1059303,29.7649676,https://www.google.com/maps/place/%D8%AF%D9%83%D8%AA%D9%88%D8%B1+%D8%B9%D8%A8%D8%AF%D8%A7%D9%84%D9%85%D9%82%D8%B5%D9%88%D8%AF+%D8%A7%D9%84%D8%AC%D8%B2%D8%A7%D8%B1%E2%80%AD/data=!4m7!3m6!1s0x14f594e9ef942481:0xa72ace08b1e6646d!8m2!3d31.1059303!4d29.7649676!16s%2Fg%2F11fjzf6yf2!19sChIJgSSU7-mU9RQRbWTmsQjOKqc?authuser=0&hl=en&g_ep=EgoyMDI2MDkwOS4wIJJjKgBIAVAD&rclk=1
دكتور عماد الدين الحلواني دكتور اطفال,أطفال,مستشفى أطفال,01224274932,"3QQ3+WMQ, Emtedad Abou Youssef Al Kadem",31.0898454,29.7542344,https://www.google.com/maps/place/%D8%AF%D9%83%D8%AA%D9%88%D8%B1+%D8%B9%D9%85%D8%A7%D8%AF+%D8%A7%D9%84%D8%AF%D9%8A%D9%86+%D8%A7%D9%84%D8%AD%D9%84%D9%88%D8%A7%D9%86%D9%8A+%D8%AF%D9%83%D8%AA%D9%88%D8%B1+%D8%A7%D8%B7%D9%81%D8%A7%D9%84%E2%80%AD/data=!4m7!3m6!1s0x14f59588eaa81c61:0x4ff1645d9621f141!8m2!3d31.0898454!4d29.7542344!16s%2Fg%2F11gsn0tftv!19sChIJYRyo6oiV9RQRQfEhll1k8U8?authuser=0&hl=en&g_ep=EgoyMDI2MDkwOS4wIJJjKgBIAVAD&rclk=1
دكتور فتحى عطاالله أخصائى طب الأسرة والأطفال,أطفال,عيادة طبية,01030949251,١ Dawoud Khattab,31.1158928,29.7635155,https://www.google.com/maps/place/%D8%AF%D9%83%D8%AA%D9%88%D8%B1+%D9%81%D8%AA%D8%AD%D9%89+%D8%B9%D8%B7%D8%A7%D8%A7%D9%84%D9%84%D9%87+%D8%A3%D8%AE%D8%B5%D8%A7%D8%A6%D9%89+%D8%B7%D8%A8+%D8%A7%D9%84%D8%A3%D8%B3%D8%B1%D8%A9+%D9%88%D8%A7%D9%84%D8%A3%D8%B7%D9%81%D8%A7%D9%84%E2%80%AD/data=!4m7!3m6!1s0x14f595001a3298b9:0xa1ec45fafdef36f6!8m2!3d31.1158928!4d29.7635155!16s%2Fg%2F11z8hsfc1x!19sChIJuZgyGgCV9RQR9jbv_fpF7KE?authuser=0&hl=en&g_ep=EgoyMDI2MDkwOS4wIJJjKgBIAVAD&rclk=1
دكتور محمد جمال غانم,أطفال,طبيب أطفال,01008838586,طريق اسكندرية مطروح مقابل ميدان الهانوفيل فوق اسواق فتح الله,31.0984291,29.7712511,https://www.google.com/maps/place/%D8%AF%D9%83%D8%AA%D9%88%D8%B1+%D9%85%D8%AD%D9%85%D8%AF+%D8%AC%D9%85%D8%A7%D9%84+%D8%BA%D8%A7%D9%86%D9%85%E2%80%AD/data=!4m7!3m6!1s0x14f594bf539607b9:0xd25d1128a9277371!8m2!3d31.0984291!4d29.7712511!16s%2Fg%2F11h6rzjqkv!19sChIJuQeWU7-U9RQRcXMnqSgRXdI?authuser=0&hl=en&g_ep=EgoyMDI2MDkwOS4wIJJjKgBIAVAD&rclk=1
دكتور/ أحمد سعيد,أطفال,طبيب أطفال,01027374245,3QW5+2J4، شارع مساكن الحديد والصلب،، أبو يوسف,31.0950172,29.7590695,https://www.google.com/maps/place/%D8%AF%D9%83%D8%AA%D9%88%D8%B1%2F+%D8%A3%D8%AD%D9%85%D8%AF+%D8%B3%D8%B9%D9%8A%D8%AF%E2%80%AD/data=!4m7!3m6!1s0x14f59491477d562b:0xee9c45d0aae9c39c!8m2!3d31.0950172!4d29.7590695!16s%2Fg%2F11h5rp0n_n!19sChIJK1Z9R5GU9RQRnMPpqtBFnO4?authuser=0&hl=en&g_ep=EgoyMDI2MDkwOS4wIJJjKgBIAVAD&rclk=1
دكتورة شيماء حسن,أطفال,طبيب أطفال,033188303,4Q7V+M8V، طريق اسكندرية مطروح,31.1142454,29.7932843,https://www.google.com/maps/place/%D8%AF%D9%83%D8%AA%D9%88%D8%B1%D8%A9+%D8%B4%D9%8A%D9%85%D8%A7%D8%A1+%D8%AD%D8%B3%D9%86%E2%80%AD/data=!4m7!3m6!1s0x14f5ead5f54e7b0d:0xbddd3ce414c40b3b!8m2!3d31.1142454!4d29.7932843!16s%2Fg%2F11cn6bmnmk!19sChIJDXtO9dXq9RQROwvEFOQ83b0?authuser=0&hl=en&g_ep=EgoyMDI2MDkwOS4wIJJjKgBIAVAD&rclk=1
عيادة الدكتور مجدي أغا,أطفال,طبيب الأطفال حديثي الولادة,,"4Q32+3X9, Dr Mohamed Wahba",31.1026685,29.7524823,https://www.google.com/maps/place/%D8%B9%D9%8A%D8%A7%D8%AF%D8%A9+%D8%A7%D9%84%D8%AF%D9%83%D8%AA%D9%88%D8%B1+%D9%85%D8%AC%D8%AF%D9%8A+%D8%A3%D8%BA%D8%A7%E2%80%AD/data=!4m7!3m6!1s0x14f595630406031d:0x283db0d634797a4!8m2!3d31.1026685!4d29.7524823!16s%2Fg%2F11l32h_t56!19sChIJHQMGBGOV9RQRpJdHYw3bgwI?authuser=0&hl=en&g_ep=EgoyMDI2MDkwOS4wIJJjKgBIAVAD&rclk=1
عيادة العجمى لطب الاطفال,أطفال,عيادة طبية,033857011,"فوق فتح الله، العجمى, Al Hanouvel",31.0982405,29.7712939,https://www.google.com/maps/place/%D8%B9%D9%8A%D8%A7%D8%AF%D8%A9+%D8%A7%D9%84%D8%B9%D8%AC%D9%85%D9%89+%D9%84%D8%B7%D8%A8+%D8%A7%D9%84%D8%A7%D8%B7%D9%81%D8%A7%D9%84%E2%80%AD/data=!4m7!3m6!1s0x14f595ed9afb383b:0x743f432cdf5516ae!8m2!3d31.0982405!4d29.7712939!16s%2Fg%2F11n65x706_!19sChIJOzj7mu2V9RQRrhZV3yxDP3Q?authuser=0&hl=en&g_ep=EgoyMDI2MDkwOS4wIJJjKgBIAVAD&rclk=1
عيادة دكتور احمد المنسي,أطفال,مركز الرعاية الصحية للأطفال,01221940201,Alex matrouh road next to classic Elagamy,31.1008441,29.7749545,https://www.google.com/maps/place/%D8%B9%D9%8A%D8%A7%D8%AF%D8%A9+%D8%AF%D9%83%D8%AA%D9%88%D8%B1+%D8%A7%D8%AD%D9%85%D8%AF+%D8%A7%D9%84%D9%85%D9%86%D8%B3%D9%8A%E2%80%AD/data=!4m7!3m6!1s0x14f59590edb87cc5:0x4eaee7d3848359a6!8m2!3d31.1008441!4d29.7749545!16s%2Fg%2F11vcm7fjrv!19sChIJxXy47ZCV9RQRplmDhNPnrk4?authuser=0&hl=en&g_ep=EgoyMDI2MDkwOS4wIJJjKgBIAVAD&rclk=1
عيادة صحة طفلك,أطفال,طبيب أطفال,01285814178,Al Hanouvel,31.0995748,29.7718868,https://www.google.com/maps/place/%D8%B9%D9%8A%D8%A7%D8%AF%D8%A9+%D8%B5%D8%AD%D8%A9+%D8%B7%D9%81%D9%84%D9%83%E2%80%AD/data=!4m7!3m6!1s0x14f5954611b534df:0x9cf8d04fc53bf138!8m2!3d31.0995748!4d29.7718868!16s%2Fg%2F11hy_n6wrp!19sChIJ3zS1EUaV9RQROPE7xU_Q-Jw?authuser=0&hl=en&g_ep=EgoyMDI2MDkwOS4wIJJjKgBIAVAD&rclk=1
مركز بنون,أطفال,عيادة طب أطفال,01200033133,,31.0883931,29.7516075,https://www.google.com/maps/place/%D9%85%D8%B1%D9%83%D8%B2+%D8%A8%D9%86%D9%88%D9%86%E2%80%AD/data=!4m7!3m6!1s0x14f595d25615c5b9:0xee96d27e9f955457!8m2!3d31.0883931!4d29.7516075!16s%2Fg%2F11l30hrks9!19sChIJucUVVtKV9RQRV1SVn37Slu4?authuser=0&hl=en&g_ep=EgoyMDI2MDkwOS4wIJJjKgBIAVAD&rclk=1
Altaher Medical center,أنف وأذن وحنجرة,مستشفى متخصص,01211181622,Alexandria - Marsa Matrouh Rd,31.0909185,29.7560465,https://www.google.com/maps/place/Altaher+Medical+center/data=!4m7!3m6!1s0x14f5949a9220064b:0xa1a6b74b3a9fc77a!8m2!3d31.0909185!4d29.7560465!16s%2Fg%2F11gblszk3w!19sChIJSwYgkpqU9RQResefOku3pqE?authuser=0&hl=en&g_ep=EgoyMDI2MDkwOS4wIJJjKgBIAVAD&rclk=1
Dr. Mostafa Diabetes Center Specialist,أنف وأذن وحنجرة,مستشفى,01099585596,,31.3549694,27.2453585,https://www.google.com/maps/place/Dr.+Mostafa+Diabetes+Center+Specialist/data=!4m7!3m6!1s0x1461feb5e1b678b5:0x689e5138e460d237!8m2!3d31.3549694!4d27.2453585!16s%2Fg%2F11g72kb6rt!19sChIJtXi24bX-YRQRN9Jg5DhRnmg?authuser=0&hl=en&g_ep=EgoyMDI2MDkwOS4wIJJjKgBIAVAD&rclk=1
Haven medical center,أنف وأذن وحنجرة,مركز طبي,01500079995,"infront of agamy administration, Alexandria - Marsa Matrouh Rd",31.1163019,29.7958732,https://www.google.com/maps/place/Haven+medical+center/data=!4m7!3m6!1s0x14f5ebe937995b77:0xea1e8b085cb355e3!8m2!3d31.1163019!4d29.7958732!16s%2Fg%2F11zh6sgjsx!19sChIJd1uZN-nr9RQR41WzXAiLHuo?authuser=0&hl=en&g_ep=EgoyMDI2MDkwOS4wIJJjKgBIAVAD&rclk=1
Matrouh Heart Center,أنف وأذن وحنجرة,مركز طبي,0464943333,,31.3489825,27.2411895,https://www.google.com/maps/place/Matrouh+Heart+Center/data=!4m7!3m6!1s0x1461f9351df2c8f3:0xcbf91a880eb4f3cf!8m2!3d31.3489825!4d27.2411895!16s%2Fg%2F11dxm4r460!19sChIJ88jyHTX5YRQRz_O0Doga-cs?authuser=0&hl=en&g_ep=EgoyMDI2MDkwOS4wIJJjKgBIAVAD&rclk=1
Pediatrics Specialized Centre,أنف وأذن وحنجرة,مركز طبي,01006093933,Zaher Galal,31.3535936,27.2434369,https://www.google.com/maps/place/Pediatrics+Specialized+Centre/data=!4m7!3m6!1s0x1461feca6fbbc04b:0xdee4f2419dcf08cc!8m2!3d31.3535936!4d27.2434369!16s%2Fg%2F11c61r7s6z!19sChIJS8C7b8r-YRQRzAjPnUHy5N4?authuser=0&hl=en&g_ep=EgoyMDI2MDkwOS4wIJJjKgBIAVAD&rclk=1
الدكتور طارق الهجين,أنف وأذن وحنجرة,طبيب أنف وأذن وحنجرة,01221200165,"بجوار ميديكال سنتر،, Alexandria - Marsa Matrouh Rd",31.105897,29.7811283,https://www.google.com/maps/place/%D8%A7%D9%84%D8%AF%D9%83%D8%AA%D9%88%D8%B1+%D8%B7%D8%A7%D8%B1%D9%82+%D8%A7%D9%84%D9%87%D8%AC%D9%8A%D9%86%E2%80%AD/data=!4m7!3m6!1s0x14f594d1e016c699:0x3bdaf033bcc47b89!8m2!3d31.105897!4d29.7811283!16s%2Fg%2F11h6gj3wq9!19sChIJmcYW4NGU9RQRiXvEvDPw2js?authuser=0&hl=en&g_ep=EgoyMDI2MDkwOS4wIJJjKgBIAVAD&rclk=1
دكتور عادل محمود,أنف وأذن وحنجرة,طبيب أنف وأذن وحنجرة,033030146,"شارع الهانوفيل متفرع من, Alexandria - Marsa Matrouh Rd",31.100742,29.769456,https://www.google.com/maps/place/%D8%AF%D9%83%D8%AA%D9%88%D8%B1+%D8%B9%D8%A7%D8%AF%D9%84+%D9%85%D8%AD%D9%85%D9%88%D8%AF%E2%80%AD/data=!4m7!3m6!1s0x14f594c1a41a94f1:0xb8d5134d2b19a5a6!8m2!3d31.100742!4d29.769456!16s%2Fg%2F11h10_x4jz!19sChIJ8ZQapMGU9RQRpqUZK00T1bg?authuser=0&hl=en&g_ep=EgoyMDI2MDkwOS4wIJJjKgBIAVAD&rclk=1
دكتور محمد الشيخ,أنف وأذن وحنجرة,طبيب أنف وأذن وحنجرة,01222814898,"بين كبدة الشامى و كشرى الحارونى، العجمى ...الدرايسه.. الطريق الرئيسى..عند تقاطعه مع ر, Taha Al Aoami",31.1037204,29.7782287,https://www.google.com/maps/place/%D8%AF%D9%83%D8%AA%D9%88%D8%B1+%D9%85%D8%AD%D9%85%D8%AF+%D8%A7%D9%84%D8%B4%D9%8A%D8%AE%E2%80%AD/data=!4m7!3m6!1s0x14f594cf6f91a025:0x42d420cf9e12d7d!8m2!3d31.1037204!4d29.7782287!16s%2Fg%2F11h62pfvtg!19sChIJJaCRb8-U9RQRfS3h-QxCLQQ?authuser=0&hl=en&g_ep=EgoyMDI2MDkwOS4wIJJjKgBIAVAD&rclk=1
عيادة د محمد متولي القروي- أنف وأذن وحنجرة,أنف وأذن وحنجرة,عيادة طبية,01069793773,"ك١٩ طريق اسكندرية مطروح، جوار مسجد الصابرين, Abou Youssef",31.0883998,29.7524789,https://www.google.com/maps/place/%D8%B9%D9%8A%D8%A7%D8%AF%D8%A9+%D8%AF+%D9%85%D8%AD%D9%85%D8%AF+%D9%85%D8%AA%D9%88%D9%84%D9%8A+%D8%A7%D9%84%D9%82%D8%B1%D9%88%D9%8A-+%D8%A3%D9%86%D9%81+%D9%88%D8%A3%D8%B0%D9%86+%D9%88%D8%AD%D9%86%D8%AC%D8%B1%D8%A9%E2%80%AD/data=!4m7!3m6!1s0x14f5957ffd6c08c3:0xfedbc3a36674d426!8m2!3d31.0883998!4d29.7524789!16s%2Fg%2F11yw0hqkv8!19sChIJwwhs_X-V9RQRJtR0ZqPD2_4?authuser=0&hl=en&g_ep=EgoyMDI2MDkwOS4wIJJjKgBIAVAD&rclk=1
عيادة دكتور / محمد فوزي,أنف وأذن وحنجرة,طبيب أنف وأذن وحنجرة,01226145900,Al Esnawi Al Wardiyan,31.1634568,29.8680438,https://www.google.com/maps/place/%D8%B9%D9%8A%D8%A7%D8%AF%D8%A9+%D8%AF%D9%83%D8%AA%D9%88%D8%B1+%2F+%D9%85%D8%AD%D9%85%D8%AF+%D9%81%D9%88%D8%B2%D9%8A%E2%80%AD/data=!4m7!3m6!1s0x14f5c191ead7fa77:0x57f7999d26a94184!8m2!3d31.1634568!4d29.8680438!16s%2Fg%2F11fm2lvl12!19sChIJd_rX6pHB9RQRhEGpJp2Z91c?authuser=0&hl=en&g_ep=EgoyMDI2MDkwOS4wIJJjKgBIAVAD&rclk=1
الأستاذ الدكتور خليفة محمود عبد الله,باطنة,طبيب باطنه,035830494,بجوار المستشفي الألماني، 54 Abd El-Salam Aref,31.2369591,29.9574633,https://www.google.com/maps/place/%D8%A7%D9%84%D8%A3%D8%B3%D8%AA%D8%A7%D8%B0+%D8%A7%D9%84%D8%AF%D9%83%D8%AA%D9%88%D8%B1+%D8%AE%D9%84%D9%8A%D9%81%D8%A9+%D9%85%D8%AD%D9%85%D9%88%D8%AF+%D8%B9%D8%A8%D8%AF+%D8%A7%D9%84%D9%84%D9%87%E2%80%AD/data=!4m7!3m6!1s0x14f5c4d8cf4e5e3b:0xaa6a0175a080630c!8m2!3d31.2369591!4d29.9574633!16s%2Fg%2F11h3_stfj0!19sChIJO15Oz9jE9RQRDGOAoHUBaqo?authuser=0&hl=en&g_ep=EgoyMDI2MDkwOS4wIJJjKgBIAVAD&rclk=1
د.مجدى رجب عيادة باطنة وحميات,باطنة,عيادة طبية,01229820538,المساكن الصينية بالهانوفيل، بلوك 40 مدخل 2,31.0941732,29.7703527,https://www.google.com/maps/place/%D8%AF.%D9%85%D8%AC%D8%AF%D9%89+%D8%B1%D8%AC%D8%A8+%D8%B9%D9%8A%D8%A7%D8%AF%D8%A9+%D8%A8%D8%A7%D8%B7%D9%86%D8%A9+%D9%88%D8%AD%D9%85%D9%8A%D8%A7%D8%AA%E2%80%AD/data=!4m7!3m6!1s0x14f595809d22d0eb:0x83a73ae5fc39eda1!8m2!3d31.0941732!4d29.7703527!16s%2Fg%2F11kc2jrp9f!19sChIJ69AinYCV9RQRoe05_OU6p4M?authuser=0&hl=en&g_ep=EgoyMDI2MDkwOS4wIJJjKgBIAVAD&rclk=1
دكتور حاتم يونس,باطنة,طبيب باطنه,034375473,"4Q38+PH4, Al Hanouvel",31.1042554,29.7664659,https://www.google.com/maps/place/%D8%AF%D9%83%D8%AA%D9%88%D8%B1+%D8%AD%D8%A7%D8%AA%D9%85+%D9%8A%D9%88%D9%86%D8%B3%E2%80%AD/data=!4m7!3m6!1s0x14f595c8c45fe19f:0xcdcc47f446573420!8m2!3d31.1042554!4d29.7664659!16s%2Fg%2F11f6yfgjqh!19sChIJn-FfxMiV9RQRIDRXRvRHzM0?authuser=0&hl=en&g_ep=EgoyMDI2MDkwOS4wIJJjKgBIAVAD&rclk=1
دكتور شريف عبد الجواد,باطنة,طبيب باطنه,01228949659,"3QXC+GV3 امام ميدان الهانوفيل, Alexandria - Marsa Matrouh Rd",31.0987552,29.7721856,https://www.google.com/maps/place/%D8%AF%D9%83%D8%AA%D9%88%D8%B1+%D8%B4%D8%B1%D9%8A%D9%81+%D8%B9%D8%A8%D8%AF+%D8%A7%D9%84%D8%AC%D9%88%D8%A7%D8%AF%E2%80%AD/data=!4m7!3m6!1s0x14f594c7501c0983:0xd941cfd1ffff5631!8m2!3d31.0987552!4d29.7721856!16s%2Fg%2F11fks2cbnd!19sChIJgwkcUMeU9RQRMVb__9HPQdk?authuser=0&hl=en&g_ep=EgoyMDI2MDkwOS4wIJJjKgBIAVAD&rclk=1
دكتور محمد صبرى يس,باطنة,طبيب باطنه,01101062626,طريق اسكندرية مطروح مقابل ميدان الهانوفيل، 3QXC+493,31.0977707,29.7709165,https://www.google.com/maps/place/%D8%AF%D9%83%D8%AA%D9%88%D8%B1+%D9%85%D8%AD%D9%85%D8%AF+%D8%B5%D8%A8%D8%B1%D9%89+%D9%8A%D8%B3%E2%80%AD/data=!4m7!3m6!1s0x14f594bf4fe7de91:0x1784c0d888b807a1!8m2!3d31.0977707!4d29.7709165!16s%2Fg%2F11h12gpl8v!19sChIJkd7nT7-U9RQRoQe4iNjAhBc?authuser=0&hl=en&g_ep=EgoyMDI2MDkwOS4wIJJjKgBIAVAD&rclk=1
دكتور مصطفى نبيل,باطنة,طبيب باطنه,01005211320,3QXC+5GG، طريق اسكندرية مطروح مقابل ميدان، الهانوفيل برج A الدور الثالث,31.0979454,29.7713217,https://www.google.com/maps/place/%D8%AF%D9%83%D8%AA%D9%88%D8%B1+%D9%85%D8%B5%D8%B7%D9%81%D9%89+%D9%86%D8%A8%D9%8A%D9%84%E2%80%AD/data=!4m7!3m6!1s0x14f594bf53bd11d9:0x372231408a8c2b5f!8m2!3d31.0979454!4d29.7713217!16s%2Fg%2F11h79rpxfv!19sChIJ2RG9U7-U9RQRXyuMikAxIjc?authuser=0&hl=en&g_ep=EgoyMDI2MDkwOS4wIJJjKgBIAVAD&rclk=1
عيادة الحياة,باطنة,طبيب باطنه,034141159,"شارع الملاهي متفرع من, Al Bitash",31.1298874,29.7785245,https://www.google.com/maps/place/%D8%B9%D9%8A%D8%A7%D8%AF%D8%A9+%D8%A7%D9%84%D8%AD%D9%8A%D8%A7%D8%A9%E2%80%AD/data=!4m7!3m6!1s0x14f5953066f9de17:0x9bf91760043e4b76!8m2!3d31.1298874!4d29.7785245!16s%2Fg%2F11h48xj_zq!19sChIJF975ZjCV9RQRdks-BGAX-Zs?authuser=0&hl=en&g_ep=EgoyMDI2MDkwOS4wIJJjKgBIAVAD&rclk=1
عيادة الدكتور إيهاب فاروق عبدالسلام باطنة,باطنة,عيادة طبية,01280951907,3PMM+FRV,31.0837118,29.7343469,https://www.google.com/maps/place/%D8%B9%D9%8A%D8%A7%D8%AF%D8%A9+%D8%A7%D9%84%D8%AF%D9%83%D8%AA%D9%88%D8%B1+%D8%A5%D9%8A%D9%87%D8%A7%D8%A8+%D9%81%D8%A7%D8%B1%D9%88%D9%82+%D8%B9%D8%A8%D8%AF%D8%A7%D9%84%D8%B3%D9%84%D8%A7%D9%85+%D8%A8%D8%A7%D8%B7%D9%86%D8%A9%E2%80%AD/data=!4m7!3m6!1s0x14f5930070a90bb1:0x524636db32439426!8m2!3d31.0837118!4d29.7343469!16s%2Fg%2F11vzcz55yg!19sChIJsQupcACT9RQRJpRDMts2RlI?authuser=0&hl=en&g_ep=EgoyMDI2MDkwOS4wIJJjKgBIAVAD&rclk=1
عيادة د/ رجب بدر,باطنة,طبيب باطنه,,2CHV+P9P,31.0293495,28.4434529,https://www.google.com/maps/place/%D8%B9%D9%8A%D8%A7%D8%AF%D8%A9+%D8%AF%2F+%D8%B1%D8%AC%D8%A8+%D8%A8%D8%AF%D8%B1%E2%80%AD/data=!4m7!3m6!1s0x14601b8a9d061da1:0xba64ff4b29a26872!8m2!3d31.0293495!4d28.4434529!16s%2Fg%2F11k4nxstmt!19sChIJoR0GnYobYBQRcmiiKUv_ZLo?authuser=0&hl=en&g_ep=EgoyMDI2MDkwOS4wIJJjKgBIAVAD&rclk=1
عيادة دكتور اسلام صديق للامراض الباطنة,باطنة,عيادة طبية,,3QV8+Q38,31.0944214,29.7652051,https://www.google.com/maps/place/%D8%B9%D9%8A%D8%A7%D8%AF%D8%A9+%D8%AF%D9%83%D8%AA%D9%88%D8%B1+%D8%A7%D8%B3%D9%84%D8%A7%D9%85+%D8%B5%D8%AF%D9%8A%D9%82+%D9%84%D9%84%D8%A7%D9%85%D8%B1%D8%A7%D8%B6+%D8%A7%D9%84%D8%A8%D8%A7%D8%B7%D9%86%D8%A9%E2%80%AD/data=!4m7!3m6!1s0x14f5949605e739a3:0xa5d7b303f9ff8853!8m2!3d31.0944214!4d29.7652051!16s%2Fg%2F11c37zwsc2!19sChIJoznnBZaU9RQRU4j_-QOz16U?authuser=0&hl=en&g_ep=EgoyMDI2MDkwOS4wIJJjKgBIAVAD&rclk=1
عيادة دكتور خالد محمد,باطنة,طبيب باطنه,,"4Q47+9WG, Al Hanouvel",31.1059332,29.764821,https://www.google.com/maps/place/%D8%B9%D9%8A%D8%A7%D8%AF%D8%A9+%D8%AF%D9%83%D8%AA%D9%88%D8%B1+%D8%AE%D8%A7%D9%84%D8%AF+%D9%85%D8%AD%D9%85%D8%AF%E2%80%AD/data=!4m7!3m6!1s0x14f59500056df845:0x306862eef86ceb4c!8m2!3d31.1059332!4d29.764821!16s%2Fg%2F11zypfsj5h!19sChIJRfhtBQCV9RQRTOts-O5iaDA?authuser=0&hl=en&g_ep=EgoyMDI2MDkwOS4wIJJjKgBIAVAD&rclk=1
عيادة دكتور خالد محمد أحمد مخيمر,باطنة,طبيب باطنه,01557653765,اسكندرية مطروح عمارة مطعم أبو راوية فوق كافيه الهانوفيل,31.0990016,29.7718635,https://www.google.com/maps/place/%D8%B9%D9%8A%D8%A7%D8%AF%D8%A9+%D8%AF%D9%83%D8%AA%D9%88%D8%B1+%D8%AE%D8%A7%D9%84%D8%AF+%D9%85%D8%AD%D9%85%D8%AF+%D8%A3%D8%AD%D9%85%D8%AF+%D9%85%D8%AE%D9%8A%D9%85%D8%B1%E2%80%AD/data=!4m7!3m6!1s0x14f5953191622907:0x4f1ed783c0121f79!8m2!3d31.0990016!4d29.7718635!16s%2Fg%2F11zxkcs365!19sChIJBylikTGV9RQReR8SwIPXHk8?authuser=0&hl=en&g_ep=EgoyMDI2MDkwOS4wIJJjKgBIAVAD&rclk=1
عيادة دكتور خالد محمد احمد مخيمر,باطنة,طبيب باطنه,01282002090,"أمام مدرسة أبو يوسف الخاصة, Alexandria - Marsa Matrouh Rd",31.0920389,29.7593942,https://www.google.com/maps/place/%D8%B9%D9%8A%D8%A7%D8%AF%D8%A9+%D8%AF%D9%83%D8%AA%D9%88%D8%B1+%D8%AE%D8%A7%D9%84%D8%AF+%D9%85%D8%AD%D9%85%D8%AF+%D8%A7%D8%AD%D9%85%D8%AF+%D9%85%D8%AE%D9%8A%D9%85%D8%B1%E2%80%AD/data=!4m7!3m6!1s0x14f595ab0b274b5d:0xdc850ac76065ac6a!8m2!3d31.0920389!4d29.7593942!16s%2Fg%2F11zypfw4g5!19sChIJXUsnC6uV9RQRaqxlYMcKhdw?authuser=0&hl=en&g_ep=EgoyMDI2MDkwOS4wIJJjKgBIAVAD&rclk=1
عيادة دكتور عبد الحميد درويش لأمراض الباطنة والسكر والجهاز الهضمي والحميات,باطنة,طبيب باطنه,01000431645,عطور مكه، شارع القاضى بجوار مسجد الفتح أعلى,31.352368,27.2418907,https://www.google.com/maps/place/%D8%B9%D9%8A%D8%A7%D8%AF%D8%A9+%D8%AF%D9%83%D8%AA%D9%88%D8%B1+%D8%B9%D8%A8%D8%AF+%D8%A7%D9%84%D8%AD%D9%85%D9%8A%D8%AF+%D8%AF%D8%B1%D9%88%D9%8A%D8%B4+%D9%84%D8%A3%D9%85%D8%B1%D8%A7%D8%B6+%D8%A7%D9%84%D8%A8%D8%A7%D8%B7%D9%86%D8%A9+%D9%88%D8%A7%D9%84%D8%B3%D9%83%D8%B1+%D9%88%D8%A7%D9%84%D8%AC%D9%87%D8%A7%D8%B2+%D8%A7%D9%84%D9%87%D8%B6%D9%85%D9%8A+%D9%88%D8%A7%D9%84%D8%AD%D9%85%D9%8A%D8%A7%D8%AA%E2%80%AD/data=!4m7!3m6!1s0x1461ff4df58c4559:0x595d30202dc548e2!8m2!3d31.352368!4d27.2418907!16s%2Fg%2F11ncl63v1g!19sChIJWUWM9U3_YRQR4kjFLSAwXVk?authuser=0&hl=en&g_ep=EgoyMDI2MDkwOS4wIJJjKgBIAVAD&rclk=1
دكتور شريف محمد وصيف,تجميل,جراح تجميل,01009082434,"3QXC+F6P، امام ميدان الهانوفيل, Alexandria - Marsa Matrouh Rd",31.0987232,29.770565,https://www.google.com/maps/place/%D8%AF%D9%83%D8%AA%D9%88%D8%B1+%D8%B4%D8%B1%D9%8A%D9%81+%D9%85%D8%AD%D9%85%D8%AF+%D9%88%D8%B5%D9%8A%D9%81%E2%80%AD/data=!4m7!3m6!1s0x14f594c0a6e063b5:0x67c454eba31a2ee3!8m2!3d31.0987232!4d29.770565!16s%2Fg%2F11h6qddfdf!19sChIJtWPgpsCU9RQR4y4ao-tUxGc?authuser=0&hl=en&g_ep=EgoyMDI2MDkwOS4wIJJjKgBIAVAD&rclk=1
دكتور محى الدين محمد احمد طبيب و جراح,تجميل,جراح تجميل,033093067,4QCP+GMH، شارع البيطاش الرئيسى بجوار مطعم أبو يونس,31.1213173,29.786731,https://www.google.com/maps/place/%D8%AF%D9%83%D8%AA%D9%88%D8%B1+%D9%85%D8%AD%D9%89+%D8%A7%D9%84%D8%AF%D9%8A%D9%86+%D9%85%D8%AD%D9%85%D8%AF+%D8%A7%D8%AD%D9%85%D8%AF+%D8%B7%D8%A8%D9%8A%D8%A8+%D9%88+%D8%AC%D8%B1%D8%A7%D8%AD%E2%80%AD/data=!4m7!3m6!1s0x14f5952c8fd387e7:0xdc37d13679da0d1b!8m2!3d31.1213173!4d29.786731!16s%2Fg%2F11h0cffkhz!19sChIJ54fTjyyV9RQRGw3aeTbRN9w?authuser=0&hl=en&g_ep=EgoyMDI2MDkwOS4wIJJjKgBIAVAD&rclk=1
"Alexandria,Sidi gaber Elmoshir st",جلدية,طبيب أمراض جلدية,01009876270,"شارع ابن شعبة متفرع من, El-Mosheer Ahmed Ismail",31.2220665,29.9424239,"https://www.google.com/maps/place/Alexandria,Sidi+gaber+Elmoshir+st/data=!4m7!3m6!1s0x14f5c4ecd79e5b0d:0x8f8ae4d7e20da5f7!8m2!3d31.2220665!4d29.9424239!16s%2Fg%2F11h3ldqxfp!19sChIJDVue1-zE9RQR96UN4tfkio8?authuser=0&hl=en&g_ep=EgoyMDI2MDkwOS4wIJJjKgBIAVAD&rclk=1"
Dalia Derma Clinic,جلدية,طبيب أمراض جلدية,01001003394,314 Abou Quer,31.2175908,29.9395522,https://www.google.com/maps/place/Dalia+Derma+Clinic/data=!4m7!3m6!1s0x14f5c5956a29d735:0xaed23428e8cb59a7!8m2!3d31.2175908!4d29.9395522!16s%2Fg%2F11f7r44hqr!19sChIJNdcpapXF9RQRp1nL6Cg00q4?authuser=0&hl=en&g_ep=EgoyMDI2MDkwOS4wIJJjKgBIAVAD&rclk=1
Dermatology and Venereal Diseases,جلدية,قسم في المستشفى,,21 International Coastal Rd,31.0784537,29.7348672,https://www.google.com/maps/place/Dermatology+and+Venereal+Diseases/data=!4m7!3m6!1s0x14f59384f1aaa383:0x4daecdb883ce1224!8m2!3d31.0784537!4d29.7348672!16s%2Fg%2F11c594wjx2!19sChIJg6Oq8YST9RQRJBLOg7jNrk0?authuser=0&hl=en&g_ep=EgoyMDI2MDkwOS4wIJJjKgBIAVAD&rclk=1
Doctor Osama Sorour Clinic,جلدية,طبيب أمراض جلدية,01277875463,33 Abd El-Hameed Badawi,31.206066,29.9068061,https://www.google.com/maps/place/Doctor+Osama+Sorour+Clinic/data=!4m7!3m6!1s0x14f5c3e5ab54b5b5:0x5d3fbb85ff6db72d!8m2!3d31.206066!4d29.9068061!16s%2Fg%2F1tjxns9r!19sChIJtbVUq-XD9RQRLbdt_4W7P10?authuser=0&hl=en&g_ep=EgoyMDI2MDkwOS4wIJJjKgBIAVAD&rclk=1
Dr Hamdy Elshennawy Clinic,جلدية,طبيب أمراض جلدية,01550178333,3 El-Hag Eid Khair Allah No. 1,31.0987684,29.7716886,https://www.google.com/maps/place/Dr+Hamdy+Elshennawy+Clinic/data=!4m7!3m6!1s0x14f595115d7cb2b5:0xaec64a5e524f8a9a!8m2!3d31.0987684!4d29.7716886!16s%2Fg%2F11jdbhgwtd!19sChIJtbJ8XRGV9RQRmopPUl5Kxq4?authuser=0&hl=en&g_ep=EgoyMDI2MDkwOS4wIJJjKgBIAVAD&rclk=1
Dr dina rady clinc,جلدية,طبيب أمراض جلدية,01202884856,"6W29+2FQ, Smouha, beside kiroseiz, sharazad building, first floor Alexandria governme",31.2000924,29.9187387,https://www.google.com/maps/place/Dr+dina+rady+clinc/data=!4m7!3m6!1s0x14f5c3fa5f111f05:0x60f3b6e85e19430b!8m2!3d31.2000924!4d29.9187387!16s%2Fg%2F11h27mcdkd!19sChIJBR8RX_rD9RQRC0MZXui282A?authuser=0&hl=en&g_ep=EgoyMDI2MDkwOS4wIJJjKgBIAVAD&rclk=1
Dr ehab wadie,جلدية,طبيب أمراض جلدية,01227193295,"46 moharem bek, street",31.19188,29.9106311,https://www.google.com/maps/place/Dr+ehab+wadie/data=!4m7!3m6!1s0x14f5c315e868c791:0xf335df158079313c!8m2!3d31.19188!4d29.9106311!16s%2Fg%2F11h71dr3zm!19sChIJkcdo6BXD9RQRPDF5gBXfNfM?authuser=0&hl=en&g_ep=EgoyMDI2MDkwOS4wIJJjKgBIAVAD&rclk=1
Dr. Adel Hassan El Beheiry,جلدية,طبيب أمراض جلدية,034869440,59 ش سعد زغلول,31.200469,29.900491,https://www.google.com/maps/place/Dr.+Adel+Hassan+El+Beheiry/data=!4m7!3m6!1s0x14f5dad28f33e327:0xdaa64906dbcf3601!8m2!3d31.200469!4d29.900491!16s%2Fg%2F1tcwbqz4!19sChIJJ-Mzj9La9RQRATbP2wZJpto?authuser=0&hl=en&g_ep=EgoyMDI2MDkwOS4wIJJjKgBIAVAD&rclk=1
Dr. Ahmed Abdel Moneim Abdel Karim,جلدية,طبيب أمراض جلدية,01022000747,8 Al Galaa,31.2469953,29.9794045,https://www.google.com/maps/place/Dr.+Ahmed+Abdel+Moneim+Abdel+Karim/data=!4m7!3m6!1s0x14f5ea9047dce8a1:0x19555c775813b34b!8m2!3d31.2469953!4d29.9794045!16s%2Fg%2F11cn69wbzj!19sChIJoejcR5Dq9RQRS7MTWHdcVRk?authuser=0&hl=en&g_ep=EgoyMDI2MDkwOS4wIJJjKgBIAVAD&rclk=1
Dr. El Sayeda Taha,جلدية,طبيب أمراض جلدية,01205648557,8 Salah Mostafa,31.1994277,29.9035743,https://www.google.com/maps/place/Dr.+El+Sayeda+Taha/data=!4m7!3m6!1s0x14f5c3f31fd9f4a7:0x4ea72141882e5106!8m2!3d31.1994277!4d29.9035743!16s%2Fg%2F11fd56bsv_!19sChIJp_TZH_PD9RQRBlEuiEEhp04?authuser=0&hl=en&g_ep=EgoyMDI2MDkwOS4wIJJjKgBIAVAD&rclk=1
Dr. Fayrouz Khalil Badran,جلدية,طبيب أمراض جلدية,035926537,59 Omar Lotfy,31.2146778,29.9259422,https://www.google.com/maps/place/Dr.+Fayrouz+Khalil+Badran/data=!4m7!3m6!1s0x14f5c47ce2aaccf9:0xa964d9911820600!8m2!3d31.2146778!4d29.9259422!16s%2Fg%2F1tdv9ykv!19sChIJ-cyq4nzE9RQRAAaCEZlNlgo?authuser=0&hl=en&g_ep=EgoyMDI2MDkwOS4wIJJjKgBIAVAD&rclk=1
Dr. Gamal Mourad,جلدية,طبيب أمراض جلدية,01222210873,6W3M+7HH,31.2031799,29.9339848,https://www.google.com/maps/place/Dr.+Gamal+Mourad/data=!4m7!3m6!1s0x14f5c482041b4cc3:0x5eefe04178b13afd!8m2!3d31.2031799!4d29.9339848!16s%2Fg%2F1tfq1_jn!19sChIJw0wbBILE9RQR_TqxeEHg714?authuser=0&hl=en&g_ep=EgoyMDI2MDkwOS4wIJJjKgBIAVAD&rclk=1
Dr. George Mounir Saba,جلدية,طبيب أمراض جلدية,034809406,22 el Ghorfa El Togareya st.,31.2000897,29.8974208,https://www.google.com/maps/place/Dr.+George+Mounir+Saba/data=!4m7!3m6!1s0x14f5c3f26558d5b5:0xde12ca108a82e92e!8m2!3d31.2000897!4d29.8974208!16s%2Fg%2F1tlr2l6x!19sChIJtdVYZfLD9RQRLumCihDKEt4?authuser=0&hl=en&g_ep=EgoyMDI2MDkwOS4wIJJjKgBIAVAD&rclk=1
Dr. Mohamed Ali Ibrahim Dermatology and Andrology Clinic. د/ محمد علي ابراهيم، جلدية و تناسلية و أمراض ذكورة,جلدية,طبيب أمراض جلدية,01000177204,7 Saad Zaghloul Square,31.2018153,29.9018636,https://www.google.com/maps/place/Dr.+Mohamed+Ali+Ibrahim+Dermatology+and+Andrology+Clinic.+%D8%AF%2F+%D9%85%D8%AD%D9%85%D8%AF+%D8%B9%D9%84%D9%8A+%D8%A7%D8%A8%D8%B1%D8%A7%D9%87%D9%8A%D9%85%D8%8C+%D8%AC%D9%84%D8%AF%D9%8A%D8%A9+%D9%88+%D8%AA%D9%86%D8%A7%D8%B3%D9%84%D9%8A%D8%A9+%D9%88+%D8%A3%D9%85%D8%B1%D8%A7%D8%B6+%D8%B0%D9%83%D9%88%D8%B1%D8%A9%E2%80%AD/data=!4m7!3m6!1s0x14f5c3ec144b473d:0xf730f2c07c4e4b3f!8m2!3d31.2018153!4d29.9018636!16s%2Fg%2F11qswq8504!19sChIJPUdLFOzD9RQRP0tOfMDyMPc?authuser=0&hl=en&g_ep=EgoyMDI2MDkwOS4wIJJjKgBIAVAD&rclk=1
Dr. Ola El Kamshoushi دكتوره علا الكمشوشي,جلدية,طبيب أمراض جلدية,01118289899,"398 طريق الحرية, El Qasem",31.2241349,29.9463956,https://www.google.com/maps/place/Dr.+Ola+El+Kamshoushi+%D8%AF%D9%83%D8%AA%D9%88%D8%B1%D9%87+%D8%B9%D9%84%D8%A7+%D8%A7%D9%84%D9%83%D9%85%D8%B4%D9%88%D8%B4%D9%8A%E2%80%AD/data=!4m7!3m6!1s0x14f5c38df19beaef:0xc3ed118e985652f2!8m2!3d31.2241349!4d29.9463956!16s%2Fg%2F11b5pj0hjg!19sChIJ7-qb8Y3D9RQR8lJWmI4R7cM?authuser=0&hl=en&g_ep=EgoyMDI2MDkwOS4wIJJjKgBIAVAD&rclk=1
ELSaadany Medical Center,جلدية,طبيب أمراض جلدية,01288112667,163 شارع المكس، الورديان،,31.1648668,29.8656814,https://www.google.com/maps/place/ELSaadany+Medical+Center/data=!4m7!3m6!1s0x14f5c18bc9d0b98b:0xe555a48c93a1ce3a!8m2!3d31.1648668!4d29.8656814!16s%2Fg%2F11n04pygc1!19sChIJi7nQyYvB9RQROs6hk4ykVeU?authuser=0&hl=en&g_ep=EgoyMDI2MDkwOS4wIJJjKgBIAVAD&rclk=1
Leather Mina onions,جلدية,طبيب أمراض جلدية,033629704,25 Ibn Toloon,31.1854583,29.8916092,https://www.google.com/maps/place/Leather+Mina+onions/data=!4m7!3m6!1s0x14f5c3db189ad9a3:0x9f5edd8a2e3e3bc!8m2!3d31.1854583!4d29.8916092!16s%2Fg%2F11c32cct4n!19sChIJo9maGNvD9RQRvOPjotjt9Qk?authuser=0&hl=en&g_ep=EgoyMDI2MDkwOS4wIJJjKgBIAVAD&rclk=1
Prof Amira Abulfotooh Eid clinic- عيادة ا.د اميرة ابوالفتوح عيد,جلدية,طبيب أمراض جلدية,034872150,,31.1982396,29.9004804,https://www.google.com/maps/place/Prof+Amira+Abulfotooh+Eid+clinic-+%D8%B9%D9%8A%D8%A7%D8%AF%D8%A9+%D8%A7.%D8%AF+%D8%A7%D9%85%D9%8A%D8%B1%D8%A9+%D8%A7%D8%A8%D9%88%D8%A7%D9%84%D9%81%D8%AA%D9%88%D8%AD+%D8%B9%D9%8A%D8%AF%E2%80%AD/data=!4m7!3m6!1s0x14f5c3557fc921c3:0xba896dbf83a1cc91!8m2!3d31.1982396!4d29.9004804!16s%2Fg%2F11hfj_vbl4!19sChIJwyHJf1XD9RQRkcyhg79tibo?authuser=0&hl=en&g_ep=EgoyMDI2MDkwOS4wIJJjKgBIAVAD&rclk=1
Prof. Dr Khaled Abdelraheem ا.د. خالد عبدالرحيم,جلدية,طبيب أمراض جلدية,01002413641,١٠٢ Hasan Al Askandarani,31.1910242,29.9090881,https://www.google.com/maps/place/Prof.+Dr+Khaled+Abdelraheem+%D8%A7.%D8%AF.+%D8%AE%D8%A7%D9%84%D8%AF+%D8%B9%D8%A8%D8%AF%D8%A7%D9%84%D8%B1%D8%AD%D9%8A%D9%85%E2%80%AD/data=!4m7!3m6!1s0x14f5c3caa32a3c0f:0xc674ee5aafb9f3f8!8m2!3d31.1910242!4d29.9090881!16s%2Fg%2F11ty2g_cds!19sChIJDzwqo8rD9RQR-PO5r1rudMY?authuser=0&hl=en&g_ep=EgoyMDI2MDkwOS4wIJJjKgBIAVAD&rclk=1
Rederm Clinic,جلدية,طبيب أمراض جلدية,01228893387,١١ Gharbo Bek,31.2431182,29.9637612,https://www.google.com/maps/place/Rederm+Clinic/data=!4m7!3m6!1s0x14f5c52e58b4051d:0xe99e3db967f2d5e!8m2!3d31.2431182!4d29.9637612!16s%2Fg%2F11c52bd7z2!19sChIJHQW0WC7F9RQRXi1_ltvjmQ4?authuser=0&hl=en&g_ep=EgoyMDI2MDkwOS4wIJJjKgBIAVAD&rclk=1
Skin Arts Clinic مركز سكين أرتس,جلدية,طبيب أمراض جلدية,035459363,,31.2190706,29.9411373,https://www.google.com/maps/place/Skin+Arts+Clinic+%D9%85%D8%B1%D9%83%D8%B2+%D8%B3%D9%83%D9%8A%D9%86+%D8%A3%D8%B1%D8%AA%D8%B3%E2%80%AD/data=!4m7!3m6!1s0x14f5c5f13e05a7b1:0x714db35e1512a15e!8m2!3d31.2190706!4d29.9411373!16s%2Fg%2F11g0h1yb3x!19sChIJsacFPvHF9RQRXqESFV6zTXE?authuser=0&hl=en&g_ep=EgoyMDI2MDkwOS4wIJJjKgBIAVAD&rclk=1
Sparkle Clinics - Ajami Bitash Branch,جلدية,طبيب أمراض جلدية,01271979100,"أول مدخل البيطاش الرئيسي ، فوق حلواني, Alaa El-Deen",31.1156472,29.7937796,https://www.google.com/maps/place/Sparkle+Clinics+-+Ajami+Bitash+Branch/data=!4m7!3m6!1s0x14f5eb336ffc633f:0x94a1052c3877201d!8m2!3d31.1156472!4d29.7937796!16s%2Fg%2F11tfhsyw_6!19sChIJP2P8bzPr9RQRHSB3OCwFoZQ?authuser=0&hl=en&g_ep=EgoyMDI2MDkwOS4wIJJjKgBIAVAD&rclk=1
dermatologist عيادة الدكتور محي الدين حسن على للامراض الجلدية و التناسلية و عقم الرجال,جلدية,طبيب أمراض جلدية,01129045162,"خلف الشيخ وفيق للحلويات, Ibn Al Frat",31.203013,29.8752911,https://www.google.com/maps/place/dermatologist+%D8%B9%D9%8A%D8%A7%D8%AF%D8%A9+%D8%A7%D9%84%D8%AF%D9%83%D8%AA%D9%88%D8%B1+%D9%85%D8%AD%D9%8A+%D8%A7%D9%84%D8%AF%D9%8A%D9%86+%D8%AD%D8%B3%D9%86+%D8%B9%D9%84%D9%89+%D9%84%D9%84%D8%A7%D9%85%D8%B1%D8%A7%D8%B6+%D8%A7%D9%84%D8%AC%D9%84%D8%AF%D9%8A%D8%A9+%D9%88+%D8%A7%D9%84%D8%AA%D9%86%D8%A7%D8%B3%D9%84%D9%8A%D8%A9+%D9%88+%D8%B9%D9%82%D9%85+%D8%A7%D9%84%D8%B1%D8%AC%D8%A7%D9%84%E2%80%AD/data=!4m7!3m6!1s0x14f5c1fe1a619203:0xb51b9e50e56c3936!8m2!3d31.203013!4d29.8752911!16s%2Fg%2F11hytgvg7x!19sChIJA5JhGv7B9RQRNjls5VCeG7U?authuser=0&hl=en&g_ep=EgoyMDI2MDkwOS4wIJJjKgBIAVAD&rclk=1
اخصائي امراض جلدية وتناسلية، الدكتور حسام أبوإسماعيل,جلدية,عيادة طبية,01003601763,"الدخلية الاسكندريه Alexandria Governorate EG 21500, Dekhela",31.1313232,29.8199737,https://www.google.com/maps/place/%D8%A7%D8%AE%D8%B5%D8%A7%D8%A6%D9%8A+%D8%A7%D9%85%D8%B1%D8%A7%D8%B6+%D8%AC%D9%84%D8%AF%D9%8A%D8%A9+%D9%88%D8%AA%D9%86%D8%A7%D8%B3%D9%84%D9%8A%D8%A9%D8%8C+%D8%A7%D9%84%D8%AF%D9%83%D8%AA%D9%88%D8%B1+%D8%AD%D8%B3%D8%A7%D9%85+%D8%A3%D8%A8%D9%88%D8%A5%D8%B3%D9%85%D8%A7%D8%B9%D9%8A%D9%84%E2%80%AD/data=!4m7!3m6!1s0x14f5ebeb9f712825:0xd090ff1e30e1876d!8m2!3d31.1313232!4d29.8199737!16s%2Fg%2F11ghs1k6mk!19sChIJJShxn-vr9RQRbYfhMB7_kNA?authuser=0&hl=en&g_ep=EgoyMDI2MDkwOS4wIJJjKgBIAVAD&rclk=1
الأستاذ الدكتور فيروز خليل بدران,جلدية,طبيب أمراض جلدية,01001551777,Omar Lotfy,31.2136014,29.9252547,https://www.google.com/maps/place/%D8%A7%D9%84%D8%A3%D8%B3%D8%AA%D8%A7%D8%B0+%D8%A7%D9%84%D8%AF%D9%83%D8%AA%D9%88%D8%B1+%D9%81%D9%8A%D8%B1%D9%88%D8%B2+%D8%AE%D9%84%D9%8A%D9%84+%D8%A8%D8%AF%D8%B1%D8%A7%D9%86%E2%80%AD/data=!4m7!3m6!1s0x14f5c47d1c9faf31:0xec9cc22786eec8bd!8m2!3d31.2136014!4d29.9252547!16s%2Fg%2F11h10ddk5h!19sChIJMa-fHH3E9RQRvcjuhifCnOw?authuser=0&hl=en&g_ep=EgoyMDI2MDkwOS4wIJJjKgBIAVAD&rclk=1
الأستاذة الدكتورة رانيه السيد,جلدية,طبيب أمراض جلدية,035904601,عمارة 179 Omar Lotfy,31.2185077,29.9323354,https://www.google.com/maps/place/%D8%A7%D9%84%D8%A3%D8%B3%D8%AA%D8%A7%D8%B0%D8%A9+%D8%A7%D9%84%D8%AF%D9%83%D8%AA%D9%88%D8%B1%D8%A9+%D8%B1%D8%A7%D9%86%D9%8A%D9%87+%D8%A7%D9%84%D8%B3%D9%8A%D8%AF%E2%80%AD/data=!4m7!3m6!1s0x14f5c4895c2c1fdf:0x4fb62fcbb85792c0!8m2!3d31.2185077!4d29.9323354!16s%2Fg%2F11h1hs_8st!19sChIJ3x8sXInE9RQRwJJXuMsvtk8?authuser=0&hl=en&g_ep=EgoyMDI2MDkwOS4wIJJjKgBIAVAD&rclk=1
الأستاذة الدكتورة نجلاء فتحى عجمية,جلدية,طبيب أمراض جلدية,035907612,"شقة 27، عمارة 178 الدور الخامس, Omar Lotfy",31.2183477,29.9320142,https://www.google.com/maps/place/%D8%A7%D9%84%D8%A3%D8%B3%D8%AA%D8%A7%D8%B0%D8%A9+%D8%A7%D9%84%D8%AF%D9%83%D8%AA%D9%88%D8%B1%D8%A9+%D9%86%D8%AC%D9%84%D8%A7%D8%A1+%D9%81%D8%AA%D8%AD%D9%89+%D8%B9%D8%AC%D9%85%D9%8A%D8%A9%E2%80%AD/data=!4m7!3m6!1s0x14f5c48967c417a1:0x335f05f4d16f1e88!8m2!3d31.2183477!4d29.9320142!16s%2Fg%2F11h1j0539m!19sChIJoRfEZ4nE9RQRiB5v0fQFXzM?authuser=0&hl=en&g_ep=EgoyMDI2MDkwOS4wIJJjKgBIAVAD&rclk=1
الأستاذة الدكتورة نوران عبد العزيز أبو خضر,جلدية,طبيب أمراض جلدية,034868867,٢ شارع الدكتور علي ابراهيم، حي محطه الرمل,31.2018873,29.9020254,https://www.google.com/maps/place/%D8%A7%D9%84%D8%A3%D8%B3%D8%AA%D8%A7%D8%B0%D8%A9+%D8%A7%D9%84%D8%AF%D9%83%D8%AA%D9%88%D8%B1%D8%A9+%D9%86%D9%88%D8%B1%D8%A7%D9%86+%D8%B9%D8%A8%D8%AF+%D8%A7%D9%84%D8%B9%D8%B2%D9%8A%D8%B2+%D8%A3%D8%A8%D9%88+%D8%AE%D8%B6%D8%B1%E2%80%AD/data=!4m7!3m6!1s0x14f5c3f2f4cbae95:0xbbf8bcd3ed31362c!8m2!3d31.2018873!4d29.9020254!16s%2Fg%2F11h7kw8p1n!19sChIJla7L9PLD9RQRLDYx7dO8-Ls?authuser=0&hl=en&g_ep=EgoyMDI2MDkwOS4wIJJjKgBIAVAD&rclk=1
الأستاذة الدكتورة نوران عبد العزيز أبوخضر,جلدية,طبيب أمراض جلدية,034687432,شارع كنيسة الأقباط،، ميدان محطة الرمل,31.1974547,29.8998022,https://www.google.com/maps/place/%D8%A7%D9%84%D8%A3%D8%B3%D8%AA%D8%A7%D8%B0%D8%A9+%D8%A7%D9%84%D8%AF%D9%83%D8%AA%D9%88%D8%B1%D8%A9+%D9%86%D9%88%D8%B1%D8%A7%D9%86+%D8%B9%D8%A8%D8%AF+%D8%A7%D9%84%D8%B9%D8%B2%D9%8A%D8%B2+%D8%A3%D8%A8%D9%88%D8%AE%D8%B6%D8%B1%E2%80%AD/data=!4m7!3m6!1s0x14f5c3ec3c5bd9cb:0x4d5b4ed7aa497cd3!8m2!3d31.1974547!4d29.8998022!16s%2Fg%2F11h18rjxpk!19sChIJy9lbPOzD9RQR03xJqtdOW00?authuser=0&hl=en&g_ep=EgoyMDI2MDkwOS4wIJJjKgBIAVAD&rclk=1
الأستاذه الدكتوره عائشه عبد المنعم,جلدية,طبيب أمراض جلدية,034802626,5VXV+QV3,31.1993991,29.8946721,https://www.google.com/maps/place/%D8%A7%D9%84%D8%A3%D8%B3%D8%AA%D8%A7%D8%B0%D9%87+%D8%A7%D9%84%D8%AF%D9%83%D8%AA%D9%88%D8%B1%D9%87+%D8%B9%D8%A7%D8%A6%D8%B4%D9%87+%D8%B9%D8%A8%D8%AF+%D8%A7%D9%84%D9%85%D9%86%D8%B9%D9%85%E2%80%AD/data=!4m7!3m6!1s0x14f5c3ef0b5d429f:0xbf105558bad0b895!8m2!3d31.1993991!4d29.8946721!16s%2Fg%2F1tdsl_k7!19sChIJn0JdC-_D9RQRlbjQulhVEL8?authuser=0&hl=en&g_ep=EgoyMDI2MDkwOS4wIJJjKgBIAVAD&rclk=1
الاستاذ الدكتور فيروز بدران,جلدية,طبيب أمراض جلدية,033091224,,31.1236588,29.7837605,https://www.google.com/maps/place/%D8%A7%D9%84%D8%A7%D8%B3%D8%AA%D8%A7%D8%B0+%D8%A7%D9%84%D8%AF%D9%83%D8%AA%D9%88%D8%B1+%D9%81%D9%8A%D8%B1%D9%88%D8%B2+%D8%A8%D8%AF%D8%B1%D8%A7%D9%86%E2%80%AD/data=!4m7!3m6!1s0x14f5952c6829d7f1:0x34d282eac286fb1f!8m2!3d31.1236588!4d29.7837605!16s%2Fg%2F1tjcrq23!19sChIJ8dcpaCyV9RQRH_uGwuqC0jQ?authuser=0&hl=en&g_ep=EgoyMDI2MDkwOS4wIJJjKgBIAVAD&rclk=1
الدكتور محمد حسن,جلدية,طبيب أمراض جلدية,01288339400,"بجوار تبارك للبصريات الكيلو ١٦.٥, Alexandria Desert Rd",31.1055008,29.7811879,https://www.google.com/maps/place/%D8%A7%D9%84%D8%AF%D9%83%D8%AA%D9%88%D8%B1+%D9%85%D8%AD%D9%85%D8%AF+%D8%AD%D8%B3%D9%86%E2%80%AD/data=!4m7!3m6!1s0x14f594ce3b0584b3:0x70d8d8083eb378d!8m2!3d31.1055008!4d29.7811879!16s%2Fg%2F11h3gpfyrt!19sChIJs4QFO86U9RQRjTfrg4CNDQc?authuser=0&hl=en&g_ep=EgoyMDI2MDkwOS4wIJJjKgBIAVAD&rclk=1
الدكتوره أمنية العبد أخصائى جلديه و تجميل و ليزر,جلدية,طبيب أمراض جلدية,01205051324,"بجوار هيرتيدج (عمارة العفاريت سابقا، ٤١٠ طريق الحريه, Roushdy",31.2257443,29.9481895,https://www.google.com/maps/place/%D8%A7%D9%84%D8%AF%D9%83%D8%AA%D9%88%D8%B1%D9%87+%D8%A3%D9%85%D9%86%D9%8A%D8%A9+%D8%A7%D9%84%D8%B9%D8%A8%D8%AF+%D8%A3%D8%AE%D8%B5%D8%A7%D8%A6%D9%89+%D8%AC%D9%84%D8%AF%D9%8A%D9%87+%D9%88+%D8%AA%D8%AC%D9%85%D9%8A%D9%84+%D9%88+%D9%84%D9%8A%D8%B2%D8%B1%E2%80%AD/data=!4m7!3m6!1s0x14f5c37b5db80ae5:0xd53f904841eff25d!8m2!3d31.2257443!4d29.9481895!16s%2Fg%2F11h3_t970r!19sChIJ5Qq4XXvD9RQRXfLvQUiQP9U?authuser=0&hl=en&g_ep=EgoyMDI2MDkwOS4wIJJjKgBIAVAD&rclk=1
العجمي الدرايسه أمـام مـعـمـل ألـفـا,جلدية,طبيب أمراض جلدية,,"4Q3H+655 أمـام مـعـمـل ألـفـا, Al Daresa",31.10301,29.77798,https://www.google.com/maps/place/%D8%A7%D9%84%D8%B9%D8%AC%D9%85%D9%8A+%D8%A7%D9%84%D8%AF%D8%B1%D8%A7%D9%8A%D8%B3%D9%87+%D8%A3%D9%85%D9%80%D8%A7%D9%85+%D9%85%D9%80%D8%B9%D9%80%D9%85%D9%80%D9%84+%D8%A3%D9%84%D9%80%D9%81%D9%80%D8%A7%E2%80%AD/data=!4m7!3m6!1s0x14f5950037578ec9:0x5455d6547319a293!8m2!3d31.10301!4d29.77798!16s%2Fg%2F11wmy__npk!19sChIJyY5XNwCV9RQRk6IZc1TWVVQ?authuser=0&hl=en&g_ep=EgoyMDI2MDkwOS4wIJJjKgBIAVAD&rclk=1
العيادة الجلديه بمينا البصل,جلدية,مستشفى,033629704,21-25 Ibn Toloon,31.1855327,29.8912664,https://www.google.com/maps/place/%D8%A7%D9%84%D8%B9%D9%8A%D8%A7%D8%AF%D8%A9+%D8%A7%D9%84%D8%AC%D9%84%D8%AF%D9%8A%D9%87+%D8%A8%D9%85%D9%8A%D9%86%D8%A7+%D8%A7%D9%84%D8%A8%D8%B5%D9%84%E2%80%AD/data=!4m7!3m6!1s0x14f5c3db19565617:0x5dbfc0983c3fec37!8m2!3d31.1855327!4d29.8912664!16s%2Fg%2F11crxw9m_n!19sChIJF1ZWGdvD9RQRN-w_PJjAv10?authuser=0&hl=en&g_ep=EgoyMDI2MDkwOS4wIJJjKgBIAVAD&rclk=1
د / رشا محمود جنيدى,جلدية,طبيب أمراض جلدية,035413733,6W9Q+748، أمام محطه ترام سوق الزنانيري كليوباترا، حي شرق,31.2181683,29.9378315,https://www.google.com/maps/place/%D8%AF+%2F+%D8%B1%D8%B4%D8%A7+%D9%85%D8%AD%D9%85%D9%88%D8%AF+%D8%AC%D9%86%D9%8A%D8%AF%D9%89%E2%80%AD/data=!4m7!3m6!1s0x14f5c48dc2bf373d:0x680fa708bbf44f34!8m2!3d31.2181683!4d29.9378315!16s%2Fg%2F11flb44cjw!19sChIJPTe_wo3E9RQRNE_0uwinD2g?authuser=0&hl=en&g_ep=EgoyMDI2MDkwOS4wIJJjKgBIAVAD&rclk=1
د ايمان فليفل أخصائي الجلدية و تجميل البشرة,جلدية,طبيب أمراض جلدية,01554520192,مع السكة الحديد* مول عمر المختار ٢*، تقاطع كوبرى الصحراوى,31.0168482,29.796083,https://www.google.com/maps/place/%D8%AF+%D8%A7%D9%8A%D9%85%D8%A7%D9%86+%D9%81%D9%84%D9%8A%D9%81%D9%84+%D8%A3%D8%AE%D8%B5%D8%A7%D8%A6%D9%8A+%D8%A7%D9%84%D8%AC%D9%84%D8%AF%D9%8A%D8%A9+%D9%88+%D8%AA%D8%AC%D9%85%D9%8A%D9%84+%D8%A7%D9%84%D8%A8%D8%B4%D8%B1%D8%A9%E2%80%AD/data=!4m7!3m6!1s0x14f5ed007fa217c1:0x146524b7233804d6!8m2!3d31.0168482!4d29.796083!16s%2Fg%2F11x21kpd6y!19sChIJwReifwDt9RQR1gQ4I7ckZRQ?authuser=0&hl=en&g_ep=EgoyMDI2MDkwOS4wIJJjKgBIAVAD&rclk=1
د. عائشة ربيع,جلدية,طبيب أمراض جلدية,0354534444,6XF4+M25,31.2241361,29.9551185,https://www.google.com/maps/place/%D8%AF.+%D8%B9%D8%A7%D8%A6%D8%B4%D8%A9+%D8%B1%D8%A8%D9%8A%D8%B9%E2%80%AD/data=!4m7!3m6!1s0x14f5c4c3c2da8ff1:0xdf1d6945e43d0885!8m2!3d31.2241361!4d29.9551185!16s%2Fg%2F11gbnjrp4j!19sChIJ8Y_awsPE9RQRhQg95EVpHd8?authuser=0&hl=en&g_ep=EgoyMDI2MDkwOS4wIJJjKgBIAVAD&rclk=1
د. هاجر فؤاد أخصائية الامراض الجلدية والتجميل والليزر,جلدية,عيادة جراحة التجميل,01141488806,امام ماكدونالز، 284 Gamal Abd El-Nasir Rd,31.245256,29.9817265,https://www.google.com/maps/place/%D8%AF.+%D9%87%D8%A7%D8%AC%D8%B1+%D9%81%D8%A4%D8%A7%D8%AF+%D8%A3%D8%AE%D8%B5%D8%A7%D8%A6%D9%8A%D8%A9+%D8%A7%D9%84%D8%A7%D9%85%D8%B1%D8%A7%D8%B6+%D8%A7%D9%84%D8%AC%D9%84%D8%AF%D9%8A%D8%A9+%D9%88%D8%A7%D9%84%D8%AA%D8%AC%D9%85%D9%8A%D9%84+%D9%88%D8%A7%D9%84%D9%84%D9%8A%D8%B2%D8%B1%E2%80%AD/data=!4m7!3m6!1s0x14f5db87b773f975:0x4bbae41447a71ab9!8m2!3d31.245256!4d29.9817265!16s%2Fg%2F11nz3qdl3s!19sChIJdflzt4fb9RQRuRqnRxTkuks?authuser=0&hl=en&g_ep=EgoyMDI2MDkwOS4wIJJjKgBIAVAD&rclk=1
د. ولاء حمزاوى,جلدية,طبيب أمراض جلدية,01022275088,Vectoria,31.1355715,29.822168,https://www.google.com/maps/place/%D8%AF.+%D9%88%D9%84%D8%A7%D8%A1+%D8%AD%D9%85%D8%B2%D8%A7%D9%88%D9%89%E2%80%AD/data=!4m7!3m6!1s0x14f5ea9047dce8a1:0x1989b1d40be043eb!8m2!3d31.1355715!4d29.822168!16s%2Fg%2F11g0464y3b!19sChIJoejcR5Dq9RQR60PgC9SxiRk?authuser=0&hl=en&g_ep=EgoyMDI2MDkwOS4wIJJjKgBIAVAD&rclk=1
د/إيمان عبدالمنعم _استشارى الأمراض الجلدية والتناسلية,جلدية,طبيب أمراض جلدية,01113815474,14 Chompolion St,31.2226334,29.9455883,https://www.google.com/maps/place/%D8%AF%2F%D8%A5%D9%8A%D9%85%D8%A7%D9%86+%D8%B9%D8%A8%D8%AF%D8%A7%D9%84%D9%85%D9%86%D8%B9%D9%85+_%D8%A7%D8%B3%D8%AA%D8%B4%D8%A7%D8%B1%D9%89+%D8%A7%D9%84%D8%A3%D9%85%D8%B1%D8%A7%D8%B6+%D8%A7%D9%84%D8%AC%D9%84%D8%AF%D9%8A%D8%A9+%D9%88%D8%A7%D9%84%D8%AA%D9%86%D8%A7%D8%B3%D9%84%D9%8A%D8%A9%E2%80%AD/data=!4m7!3m6!1s0x14f5c3f2dc8b7877:0x7d4a6b05b6c1d88b!8m2!3d31.2226334!4d29.9455883!16s%2Fg%2F11qrlnpdx9!19sChIJd3iL3PLD9RQRi9jBtgVrSn0?authuser=0&hl=en&g_ep=EgoyMDI2MDkwOS4wIJJjKgBIAVAD&rclk=1
د/دينا راضي..أخصائي الامراض الجلدية و التجميل,جلدية,طبيب أمراض جلدية,01013156031,"Madina Women Hospital, Smoha Sq.",31.2103579,29.9388437,https://www.google.com/maps/place/%D8%AF%2F%D8%AF%D9%8A%D9%86%D8%A7+%D8%B1%D8%A7%D8%B6%D9%8A..%D8%A3%D8%AE%D8%B5%D8%A7%D8%A6%D9%8A+%D8%A7%D9%84%D8%A7%D9%85%D8%B1%D8%A7%D8%B6+%D8%A7%D9%84%D8%AC%D9%84%D8%AF%D9%8A%D8%A9+%D9%88+%D8%A7%D9%84%D8%AA%D8%AC%D9%85%D9%8A%D9%84%E2%80%AD/data=!4m7!3m6!1s0x14f5c5dbb102eda5:0x9033160810196c39!8m2!3d31.2103579!4d29.9388437!16s%2Fg%2F11j4y0b5n_!19sChIJpe0CsdvF9RQROWwZEAgWM5A?authuser=0&hl=en&g_ep=EgoyMDI2MDkwOS4wIJJjKgBIAVAD&rclk=1
د/مصطفى نبيل زغلول/أخصائى الأمراض الجلدية والتجميل وطب أمراض الذكورة بالقوات المسلحة,جلدية,طبيب أمراض جلدية,01271259306,59 Omar Lotfy,31.2146778,29.9259422,https://www.google.com/maps/place/%D8%AF%2F%D9%85%D8%B5%D8%B7%D9%81%D9%89+%D9%86%D8%A8%D9%8A%D9%84+%D8%B2%D8%BA%D9%84%D9%88%D9%84%2F%D8%A3%D8%AE%D8%B5%D8%A7%D8%A6%D9%89+%D8%A7%D9%84%D8%A3%D9%85%D8%B1%D8%A7%D8%B6+%D8%A7%D9%84%D8%AC%D9%84%D8%AF%D9%8A%D8%A9+%D9%88%D8%A7%D9%84%D8%AA%D8%AC%D9%85%D9%8A%D9%84+%D9%88%D8%B7%D8%A8+%D8%A3%D9%85%D8%B1%D8%A7%D8%B6+%D8%A7%D9%84%D8%B0%D9%83%D9%88%D8%B1%D8%A9+%D8%A8%D8%A7%D9%84%D9%82%D9%88%D8%A7%D8%AA+%D8%A7%D9%84%D9%85%D8%B3%D9%84%D8%AD%D8%A9%E2%80%AD/data=!4m7!3m6!1s0x14f5c5bca226d95f:0x5e0ac466a0ee2d37!8m2!3d31.2146778!4d29.9259422!16s%2Fg%2F11h06bq_sd!19sChIJX9kmorzF9RQRNy3uoGbECl4?authuser=0&hl=en&g_ep=EgoyMDI2MDkwOS4wIJJjKgBIAVAD&rclk=1
دكتور / عادل عبد الفتاح,جلدية,طبيب أمراض جلدية,034352844,Al Bitash,31.120247,29.7873059,https://www.google.com/maps/place/%D8%AF%D9%83%D8%AA%D9%88%D8%B1+%2F+%D8%B9%D8%A7%D8%AF%D9%84+%D8%B9%D8%A8%D8%AF+%D8%A7%D9%84%D9%81%D8%AA%D8%A7%D8%AD%E2%80%AD/data=!4m7!3m6!1s0x14f5c357a2b14411:0x8e35550a57ca9c6f!8m2!3d31.120247!4d29.7873059!16s%2Fg%2F11rv1xngct!19sChIJEUSxolfD9RQRb5zKVwpVNY4?authuser=0&hl=en&g_ep=EgoyMDI2MDkwOS4wIJJjKgBIAVAD&rclk=1
دكتور أحمد حسن إبراهيم استشاري الجلدية والليزر والتجميل الورديان,جلدية,طبيب أمراض جلدية,01141341475,,31.1679144,29.870428,https://www.google.com/maps/place/%D8%AF%D9%83%D8%AA%D9%88%D8%B1+%D8%A3%D8%AD%D9%85%D8%AF+%D8%AD%D8%B3%D9%86+%D8%A5%D8%A8%D8%B1%D8%A7%D9%87%D9%8A%D9%85+%D8%A7%D8%B3%D8%AA%D8%B4%D8%A7%D8%B1%D9%8A+%D8%A7%D9%84%D8%AC%D9%84%D8%AF%D9%8A%D8%A9+%D9%88%D8%A7%D9%84%D9%84%D9%8A%D8%B2%D8%B1+%D9%88%D8%A7%D9%84%D8%AA%D8%AC%D9%85%D9%8A%D9%84+%D8%A7%D9%84%D9%88%D8%B1%D8%AF%D9%8A%D8%A7%D9%86%E2%80%AD/data=!4m7!3m6!1s0x14f5c1854ed27915:0xdf1c3658cb311a75!8m2!3d31.1679144!4d29.870428!16s%2Fg%2F11cny1g7qx!19sChIJFXnSToXB9RQRdRoxy1g2HN8?authuser=0&hl=en&g_ep=EgoyMDI2MDkwOS4wIJJjKgBIAVAD&rclk=1
دكتور أحمد دويدار,جلدية,طبيب أمراض جلدية,,15 El-Shohada,31.2000873,29.8969997,https://www.google.com/maps/place/%D8%AF%D9%83%D8%AA%D9%88%D8%B1+%D8%A3%D8%AD%D9%85%D8%AF+%D8%AF%D9%88%D9%8A%D8%AF%D8%A7%D8%B1%E2%80%AD/data=!4m7!3m6!1s0x14f5c3ee54ec20d9:0x8b5beeb0121d1890!8m2!3d31.2000873!4d29.8969997!16s%2Fg%2F1trqdk46!19sChIJ2SDsVO7D9RQRkBgdErDuW4s?authuser=0&hl=en&g_ep=EgoyMDI2MDkwOS4wIJJjKgBIAVAD&rclk=1
دكتور إبراهيم فـرج استشاري الجلدية والتناسلية والذكورة وتجميل الجلد عيادة العجمي,جلدية,طبيب أمراض جلدية,01273547788,"صيدلية نهى, العجمي الطريق الرئيسي الاسكندريه مطروح أمام سنتر بولا للعب الأطفال أعلى, Al Daresa",31.1025484,29.7772223,https://www.google.com/maps/place/%D8%AF%D9%83%D8%AA%D9%88%D8%B1+%D8%A5%D8%A8%D8%B1%D8%A7%D9%87%D9%8A%D9%85+%D9%81%D9%80%D8%B1%D8%AC+%D8%A7%D8%B3%D8%AA%D8%B4%D8%A7%D8%B1%D9%8A+%D8%A7%D9%84%D8%AC%D9%84%D8%AF%D9%8A%D8%A9+%D9%88%D8%A7%D9%84%D8%AA%D9%86%D8%A7%D8%B3%D9%84%D9%8A%D8%A9+%D9%88%D8%A7%D9%84%D8%B0%D9%83%D9%88%D8%B1%D8%A9+%D9%88%D8%AA%D8%AC%D9%85%D9%8A%D9%84+%D8%A7%D9%84%D8%AC%D9%84%D8%AF+%D8%B9%D9%8A%D8%A7%D8%AF%D8%A9+%D8%A7%D9%84%D8%B9%D8%AC%D9%85%D9%8A%E2%80%AD/data=!4m7!3m6!1s0x14f595781d960695:0xbc97bc9d66339a48!8m2!3d31.1025484!4d29.7772223!16s%2Fg%2F11tc4p197j!19sChIJlQaWHXiV9RQRSJozZp28l7w?authuser=0&hl=en&g_ep=EgoyMDI2MDkwOS4wIJJjKgBIAVAD&rclk=1
دكتور إبراهيم فـرج استشاري الجلدية والتناسلية والذكورة وتجميل الجلد عيادة جناكليس,جلدية,طبيب أمراض جلدية,01212014514,"مؤسسة السَلّاَبْ, جناكليس 633 شارع أبو قير أبراج الزراعيين برج رقم ثلاثة, حارة إمام",31.2419711,29.9685201,https://www.google.com/maps/place/%D8%AF%D9%83%D8%AA%D9%88%D8%B1+%D8%A5%D8%A8%D8%B1%D8%A7%D9%87%D9%8A%D9%85+%D9%81%D9%80%D8%B1%D8%AC+%D8%A7%D8%B3%D8%AA%D8%B4%D8%A7%D8%B1%D9%8A+%D8%A7%D9%84%D8%AC%D9%84%D8%AF%D9%8A%D8%A9+%D9%88%D8%A7%D9%84%D8%AA%D9%86%D8%A7%D8%B3%D9%84%D9%8A%D8%A9+%D9%88%D8%A7%D9%84%D8%B0%D9%83%D9%88%D8%B1%D8%A9+%D9%88%D8%AA%D8%AC%D9%85%D9%8A%D9%84+%D8%A7%D9%84%D8%AC%D9%84%D8%AF+%D8%B9%D9%8A%D8%A7%D8%AF%D8%A9+%D8%AC%D9%86%D8%A7%D9%83%D9%84%D9%8A%D8%B3%E2%80%AD/data=!4m7!3m6!1s0x14f5c5007a8ad171:0xd1b1ec1adae184c!8m2!3d31.2419711!4d29.9685201!16s%2Fg%2F11td4d34ql!19sChIJcdGKegDF9RQRTBiurcEeGw0?authuser=0&hl=en&g_ep=EgoyMDI2MDkwOS4wIJJjKgBIAVAD&rclk=1
دكتور السيد سلامه,جلدية,طبيب أمراض جلدية,01223585156,"6V3J+7PQ, ش سيد",31.2032125,29.8818581,https://www.google.com/maps/place/%D8%AF%D9%83%D8%AA%D9%88%D8%B1+%D8%A7%D9%84%D8%B3%D9%8A%D8%AF+%D8%B3%D9%84%D8%A7%D9%85%D9%87%E2%80%AD/data=!4m7!3m6!1s0x14f5c3e280cd3897:0xfbd9b0bf526f5a68!8m2!3d31.2032125!4d29.8818581!16s%2Fg%2F11h70j8sfv!19sChIJlzjNgOLD9RQRaFpvUr-w2fs?authuser=0&hl=en&g_ep=EgoyMDI2MDkwOS4wIJJjKgBIAVAD&rclk=1
دكتور جمال الحداد استشارى الجلديه وترميم الجلد والبشره والليزر الاسكندريه القاهره الكويت Dermatologist,جلدية,طبيب أمراض جلدية,01025252224,31 Victor Amanoiel Square,31.2150185,29.9452765,https://www.google.com/maps/place/%D8%AF%D9%83%D8%AA%D9%88%D8%B1+%D8%AC%D9%85%D8%A7%D9%84+%D8%A7%D9%84%D8%AD%D8%AF%D8%A7%D8%AF+%D8%A7%D8%B3%D8%AA%D8%B4%D8%A7%D8%B1%D9%89+%D8%A7%D9%84%D8%AC%D9%84%D8%AF%D9%8A%D9%87+%D9%88%D8%AA%D8%B1%D9%85%D9%8A%D9%85+%D8%A7%D9%84%D8%AC%D9%84%D8%AF+%D9%88%D8%A7%D9%84%D8%A8%D8%B4%D8%B1%D9%87+%D9%88%D8%A7%D9%84%D9%84%D9%8A%D8%B2%D8%B1+%D8%A7%D9%84%D8%A7%D8%B3%D9%83%D9%86%D8%AF%D8%B1%D9%8A%D9%87+%D8%A7%D9%84%D9%82%D8%A7%D9%87%D8%B1%D9%87+%D8%A7%D9%84%D9%83%D9%88%D9%8A%D8%AA+Dermatologist%E2%80%AD/data=!4m7!3m6!1s0x14f5c4914ccdf34f:0x716aad848a2ff591!8m2!3d31.2150185!4d29.9452765!16s%2Fg%2F11d_9hls70!19sChIJT_PNTJHE9RQRkfUvioStanE?authuser=0&hl=en&g_ep=EgoyMDI2MDkwOS4wIJJjKgBIAVAD&rclk=1
دكتور جمعة السقا,جلدية,طبيب أمراض جلدية,01020884666,El-Salam Mosque,31.1967011,29.9389079,https://www.google.com/maps/place/%D8%AF%D9%83%D8%AA%D9%88%D8%B1+%D8%AC%D9%85%D8%B9%D8%A9+%D8%A7%D9%84%D8%B3%D9%82%D8%A7%E2%80%AD/data=!4m7!3m6!1s0x14f5c37caecc7b35:0x4a2a17ff67f214d2!8m2!3d31.1967011!4d29.9389079!16s%2Fg%2F11fm4bjwg9!19sChIJNXvMrnzD9RQR0hTyZ_8XKko?authuser=0&hl=en&g_ep=EgoyMDI2MDkwOS4wIJJjKgBIAVAD&rclk=1
دكتور طارق دغيم,جلدية,طبيب أمراض جلدية,035276257,"فوق حلواني خاموس الجديد على الترام مباشرة, ١٤٠ Omar Lotfy",31.2166168,29.9295443,https://www.google.com/maps/place/%D8%AF%D9%83%D8%AA%D9%88%D8%B1+%D8%B7%D8%A7%D8%B1%D9%82+%D8%AF%D8%BA%D9%8A%D9%85%E2%80%AD/data=!4m7!3m6!1s0x14f5dacfbb2cf453:0xbd4e084121ea7f36!8m2!3d31.2166168!4d29.9295443!16s%2Fg%2F11h5rzphx7!19sChIJU_Qsu8_a9RQRNn_qIUEITr0?authuser=0&hl=en&g_ep=EgoyMDI2MDkwOS4wIJJjKgBIAVAD&rclk=1
دكتور نبيل عبد السلام,جلدية,طبيب أمراض جلدية,01224437546,"5VWR+VH3, El-Tahrir Square",31.1971422,29.8914087,https://www.google.com/maps/place/%D8%AF%D9%83%D8%AA%D9%88%D8%B1+%D9%86%D8%A8%D9%8A%D9%84+%D8%B9%D8%A8%D8%AF+%D8%A7%D9%84%D8%B3%D9%84%D8%A7%D9%85%E2%80%AD/data=!4m7!3m6!1s0x14f5c3e66c880043:0xc1fa0a17f22ba36c!8m2!3d31.1971422!4d29.8914087!16s%2Fg%2F11h4fjl83d!19sChIJQwCIbObD9RQRbKMr8hcK-sE?authuser=0&hl=en&g_ep=EgoyMDI2MDkwOS4wIJJjKgBIAVAD&rclk=1
دكتورة إيمان محمد حسن,جلدية,طبيب أمراض جلدية,035444005,6WFR+8M6، امام المنطقه الشماليه العسكريه ، شارع المشير احمد إسماعيل، حي,31.2232994,29.941646,https://www.google.com/maps/place/%D8%AF%D9%83%D8%AA%D9%88%D8%B1%D8%A9+%D8%A5%D9%8A%D9%85%D8%A7%D9%86+%D9%85%D8%AD%D9%85%D8%AF+%D8%AD%D8%B3%D9%86%E2%80%AD/data=!4m7!3m6!1s0x14f5c4ed19899ba3:0x2b17163910e60d20!8m2!3d31.2232994!4d29.941646!16s%2Fg%2F11h7dtks9r!19sChIJo5uJGe3E9RQRIA3mEDkWFys?authuser=0&hl=en&g_ep=EgoyMDI2MDkwOS4wIJJjKgBIAVAD&rclk=1
دكتورة سالى إبراهيم الزمراني,جلدية,طبيب أمراض جلدية,034277019,٣٥ ش محمود حسن فهمي برج العشري الدور الأول خلف مدرسة صلاح سالم، خلف كوبري، ش Abou Quer,31.2097837,29.9326913,https://www.google.com/maps/place/%D8%AF%D9%83%D8%AA%D9%88%D8%B1%D8%A9+%D8%B3%D8%A7%D9%84%D9%89+%D8%A5%D8%A8%D8%B1%D8%A7%D9%87%D9%8A%D9%85+%D8%A7%D9%84%D8%B2%D9%85%D8%B1%D8%A7%D9%86%D9%8A%E2%80%AD/data=!4m7!3m6!1s0x14f5c483f018ba2d:0x926bb51a4a9dd0f1!8m2!3d31.2097837!4d29.9326913!16s%2Fg%2F11fkx654q7!19sChIJLboY8IPE9RQR8dCdShq1a5I?authuser=0&hl=en&g_ep=EgoyMDI2MDkwOS4wIJJjKgBIAVAD&rclk=1
دكتورة فيبى أمير رياض,جلدية,طبيب أمراض جلدية,01223451679,"6W7G+43R, Mamfeis",31.212866,29.9251292,https://www.google.com/maps/place/%D8%AF%D9%83%D8%AA%D9%88%D8%B1%D8%A9+%D9%81%D9%8A%D8%A8%D9%89+%D8%A3%D9%85%D9%8A%D8%B1+%D8%B1%D9%8A%D8%A7%D8%B6%E2%80%AD/data=!4m7!3m6!1s0x14f5c47d00bd0515:0x72205400c384959!8m2!3d31.212866!4d29.9251292!16s%2Fg%2F11h6nhwtbh!19sChIJFQW9AH3E9RQRWUk4DEAFIgc?authuser=0&hl=en&g_ep=EgoyMDI2MDkwOS4wIJJjKgBIAVAD&rclk=1
دكتورة مروى محمد مصطفى,جلدية,طبيب أمراض جلدية,035904477,6W7G+M4F، شارع عمر لطفي,31.2141795,29.9252923,https://www.google.com/maps/place/%D8%AF%D9%83%D8%AA%D9%88%D8%B1%D8%A9+%D9%85%D8%B1%D9%88%D9%89+%D9%85%D8%AD%D9%85%D8%AF+%D9%85%D8%B5%D8%B7%D9%81%D9%89%E2%80%AD/data=!4m7!3m6!1s0x14f5c47d22105b29:0x59030e6b28517f75!8m2!3d31.2141795!4d29.9252923!16s%2Fg%2F11h110lwyt!19sChIJKVsQIn3E9RQRdX9RKGsOA1k?authuser=0&hl=en&g_ep=EgoyMDI2MDkwOS4wIJJjKgBIAVAD&rclk=1
دكتورة مريم عبد العزيز أخصائية الأمراض الجلدية والتجميل والليزر,جلدية,طبيب أمراض جلدية,01200506765,Al Haded We Al Soulb,31.0932046,29.7603466,https://www.google.com/maps/place/%D8%AF%D9%83%D8%AA%D9%88%D8%B1%D8%A9+%D9%85%D8%B1%D9%8A%D9%85+%D8%B9%D8%A8%D8%AF+%D8%A7%D9%84%D8%B9%D8%B2%D9%8A%D8%B2+%D8%A3%D8%AE%D8%B5%D8%A7%D8%A6%D9%8A%D8%A9+%D8%A7%D9%84%D8%A3%D9%85%D8%B1%D8%A7%D8%B6+%D8%A7%D9%84%D8%AC%D9%84%D8%AF%D9%8A%D8%A9+%D9%88%D8%A7%D9%84%D8%AA%D8%AC%D9%85%D9%8A%D9%84+%D9%88%D8%A7%D9%84%D9%84%D9%8A%D8%B2%D8%B1%E2%80%AD/data=!4m7!3m6!1s0x14f595003a0d34e5:0x282bc415c1f55903!8m2!3d31.0932046!4d29.7603466!16s%2Fg%2F11wwztldz1!19sChIJ5TQNOgCV9RQRA1n1wRXEKyg?authuser=0&hl=en&g_ep=EgoyMDI2MDkwOS4wIJJjKgBIAVAD&rclk=1
دكتورة منال علم الدين,جلدية,طبيب أمراض جلدية,01204889948,"330شارع ملك حفني بحري, Mogamaa Meyami",31.265765,30.0010525,https://www.google.com/maps/place/%D8%AF%D9%83%D8%AA%D9%88%D8%B1%D8%A9+%D9%85%D9%86%D8%A7%D9%84+%D8%B9%D9%84%D9%85+%D8%A7%D9%84%D8%AF%D9%8A%D9%86%E2%80%AD/data=!4m7!3m6!1s0x14f5da9ef05ccaf3:0xb2169a799c2e5ffc!8m2!3d31.265765!4d30.0010525!16s%2Fg%2F11h70j7h5k!19sChIJ88pc8J7a9RQR_F8unHmaFrI?authuser=0&hl=en&g_ep=EgoyMDI2MDkwOS4wIJJjKgBIAVAD&rclk=1
دكتورة نرمين محمد أبوشوشة,جلدية,طبيب أمراض جلدية,035718200,سيدي بشر شارع جمال عبد الناصر، حى المنتزة,31.2578546,29.9870612,https://www.google.com/maps/place/%D8%AF%D9%83%D8%AA%D9%88%D8%B1%D8%A9+%D9%86%D8%B1%D9%85%D9%8A%D9%86+%D9%85%D8%AD%D9%85%D8%AF+%D8%A3%D8%A8%D9%88%D8%B4%D9%88%D8%B4%D8%A9%E2%80%AD/data=!4m7!3m6!1s0x14f5daba3e002a95:0xd3acc2a98eae81ea!8m2!3d31.2578546!4d29.9870612!16s%2Fg%2F11h5vclmhc!19sChIJlSoAPrra9RQR6oGujqnCrNM?authuser=0&hl=en&g_ep=EgoyMDI2MDkwOS4wIJJjKgBIAVAD&rclk=1
دكتوره يسرا محمد محى الدين,جلدية,طبيب أمراض جلدية,033951010,"الروماني، ٧٣ شارع فؤاد -عماره دلتا الفراعنه -اعلي البنك العربي الافريقي- الدور الاول شارع فؤاد قبل, Al Mothaf",31.1988137,29.9086987,https://www.google.com/maps/place/%D8%AF%D9%83%D8%AA%D9%88%D8%B1%D9%87+%D9%8A%D8%B3%D8%B1%D8%A7+%D9%85%D8%AD%D9%85%D8%AF+%D9%85%D8%AD%D9%89+%D8%A7%D9%84%D8%AF%D9%8A%D9%86%E2%80%AD/data=!4m7!3m6!1s0x14f5c462811eb73d:0x3a94e11b0815fab4!8m2!3d31.1988137!4d29.9086987!16s%2Fg%2F11h3sn473c!19sChIJPbcegWLE9RQRtPoVCBvhlDo?authuser=0&hl=en&g_ep=EgoyMDI2MDkwOS4wIJJjKgBIAVAD&rclk=1
عيادة الجلدية والتناسلية والتغذية العلاجية د/على عطيه على,جلدية,طبيب أمراض جلدية,01228297510,"4QCP+HJ6، شارع البيطاش الرئيسي أمام مطعم أسماك البحر, Al Bitash",31.1214071,29.7865282,https://www.google.com/maps/place/%D8%B9%D9%8A%D8%A7%D8%AF%D8%A9+%D8%A7%D9%84%D8%AC%D9%84%D8%AF%D9%8A%D8%A9+%D9%88%D8%A7%D9%84%D8%AA%D9%86%D8%A7%D8%B3%D9%84%D9%8A%D8%A9+%D9%88%D8%A7%D9%84%D8%AA%D8%BA%D8%B0%D9%8A%D8%A9+%D8%A7%D9%84%D8%B9%D9%84%D8%A7%D8%AC%D9%8A%D8%A9+%D8%AF%2F%D8%B9%D9%84%D9%89+%D8%B9%D8%B7%D9%8A%D9%87+%D8%B9%D9%84%D9%89%E2%80%AD/data=!4m7!3m6!1s0x14f5952c8efb3517:0xe9f62d175251ad00!8m2!3d31.1214071!4d29.7865282!16s%2Fg%2F11hyfj7sjt!19sChIJFzX7jiyV9RQRAK1RUhct9uk?authuser=0&hl=en&g_ep=EgoyMDI2MDkwOS4wIJJjKgBIAVAD&rclk=1
عيادة الدكتور احمد ياقوت,جلدية,طبيب أمراض جلدية,,35 Ibn Al Khatab,31.1898961,29.9040871,https://www.google.com/maps/place/%D8%B9%D9%8A%D8%A7%D8%AF%D8%A9+%D8%A7%D9%84%D8%AF%D9%83%D8%AA%D9%88%D8%B1+%D8%A7%D8%AD%D9%85%D8%AF+%D9%8A%D8%A7%D9%82%D9%88%D8%AA%E2%80%AD/data=!4m7!3m6!1s0x14f5c300768b27f9:0x70e9289b39045e46!8m2!3d31.1898961!4d29.9040871!16s%2Fg%2F11yfk1c5bq!19sChIJ-SeLdgDD9RQRRl4EOZso6XA?authuser=0&hl=en&g_ep=EgoyMDI2MDkwOS4wIJJjKgBIAVAD&rclk=1
عيادة الدكتور نبيل عبد السلام,جلدية,طبيب أمراض جلدية,,Al Bitash,31.1855725,29.8813951,https://www.google.com/maps/place/%D8%B9%D9%8A%D8%A7%D8%AF%D8%A9+%D8%A7%D9%84%D8%AF%D9%83%D8%AA%D9%88%D8%B1+%D9%86%D8%A8%D9%8A%D9%84+%D8%B9%D8%A8%D8%AF+%D8%A7%D9%84%D8%B3%D9%84%D8%A7%D9%85%E2%80%AD/data=!4m7!3m6!1s0x14f5c10050625d13:0x1962f376a45abf81!8m2!3d31.1855725!4d29.8813951!16s%2Fg%2F11wr2tzzbp!19sChIJE11iUADB9RQRgb9apHbzYhk?authuser=0&hl=en&g_ep=EgoyMDI2MDkwOS4wIJJjKgBIAVAD&rclk=1
عيادة الدكتورة نهي مراد للأمراض الجلدية والعلاج التجميلي للبشرة والشعر,جلدية,طبيب أمراض جلدية,01120168809,"٢٧٨, El-Gaish Rd",31.2364849,29.9507818,https://www.google.com/maps/place/%D8%B9%D9%8A%D8%A7%D8%AF%D8%A9+%D8%A7%D9%84%D8%AF%D9%83%D8%AA%D9%88%D8%B1%D8%A9+%D9%86%D9%87%D9%8A+%D9%85%D8%B1%D8%A7%D8%AF+%D9%84%D9%84%D8%A3%D9%85%D8%B1%D8%A7%D8%B6+%D8%A7%D9%84%D8%AC%D9%84%D8%AF%D9%8A%D8%A9+%D9%88%D8%A7%D9%84%D8%B9%D9%84%D8%A7%D8%AC+%D8%A7%D9%84%D8%AA%D8%AC%D9%85%D9%8A%D9%84%D9%8A+%D9%84%D9%84%D8%A8%D8%B4%D8%B1%D8%A9+%D9%88%D8%A7%D9%84%D8%B4%D8%B9%D8%B1%E2%80%AD/data=!4m7!3m6!1s0x14f5c4e09e1615a3:0xbd0f1627f43dbeac!8m2!3d31.2364849!4d29.9507818!16s%2Fg%2F11c52xrqb5!19sChIJoxUWnuDE9RQRrL499CcWD70?authuser=0&hl=en&g_ep=EgoyMDI2MDkwOS4wIJJjKgBIAVAD&rclk=1
عيادة د أماني نجيب للأمراض الجلدية والتجميل,جلدية,طبيب أمراض جلدية,01029008874,7294+V7J,31.2697091,30.0056376,https://www.google.com/maps/place/%D8%B9%D9%8A%D8%A7%D8%AF%D8%A9+%D8%AF+%D8%A3%D9%85%D8%A7%D9%86%D9%8A+%D9%86%D8%AC%D9%8A%D8%A8+%D9%84%D9%84%D8%A3%D9%85%D8%B1%D8%A7%D8%B6+%D8%A7%D9%84%D8%AC%D9%84%D8%AF%D9%8A%D8%A9+%D9%88%D8%A7%D9%84%D8%AA%D8%AC%D9%85%D9%8A%D9%84%E2%80%AD/data=!4m7!3m6!1s0x14f5d10019751237:0xab758c150e694df2!8m2!3d31.2697091!4d30.0056376!16s%2Fg%2F11y_2fxzy8!19sChIJNxJ1GQDR9RQR8k1pDhWMdas?authuser=0&hl=en&g_ep=EgoyMDI2MDkwOS4wIJJjKgBIAVAD&rclk=1
عيادة د مجدى عشماوى,جلدية,طبيب أمراض جلدية,,78 مسجد الايمان,31.0062465,29.8077016,https://www.google.com/maps/place/%D8%B9%D9%8A%D8%A7%D8%AF%D8%A9+%D8%AF+%D9%85%D8%AC%D8%AF%D9%89+%D8%B9%D8%B4%D9%85%D8%A7%D9%88%D9%89%E2%80%AD/data=!4m7!3m6!1s0x14f5ed00673ac5cf:0xedb7dd701e8cd0f!8m2!3d31.0062465!4d29.8077016!16s%2Fg%2F11zdbsrc22!19sChIJz8U6ZwDt9RQRD83oAdd92w4?authuser=0&hl=en&g_ep=EgoyMDI2MDkwOS4wIJJjKgBIAVAD&rclk=1
عيادة د. منال مجدي غانم,جلدية,طبيب أمراض جلدية,01070874335,14 ش Kamal El-Deen Salah,31.2119318,29.9412393,https://www.google.com/maps/place/%D8%B9%D9%8A%D8%A7%D8%AF%D8%A9+%D8%AF.+%D9%85%D9%86%D8%A7%D9%84+%D9%85%D8%AC%D8%AF%D9%8A+%D8%BA%D8%A7%D9%86%D9%85%E2%80%AD/data=!4m7!3m6!1s0x14f5c5522f59af31:0x4f80c731ad77e431!8m2!3d31.2119318!4d29.9412393!16s%2Fg%2F11yz1p7zl4!19sChIJMa9ZL1LF9RQRMeR3rTHHgE8?authuser=0&hl=en&g_ep=EgoyMDI2MDkwOS4wIJJjKgBIAVAD&rclk=1
عيادة د. نرمين ابو شوشة,جلدية,طبيب أمراض جلدية,01001840460,"33 ش زهران رشدى, خلف مصر للطيران",31.2375448,29.9622617,https://www.google.com/maps/place/%D8%B9%D9%8A%D8%A7%D8%AF%D8%A9+%D8%AF.+%D9%86%D8%B1%D9%85%D9%8A%D9%86+%D8%A7%D8%A8%D9%88+%D8%B4%D9%88%D8%B4%D8%A9%E2%80%AD/data=!4m7!3m6!1s0x14f5c527fe364b6f:0xe7b9bab283c2af97!8m2!3d31.2375448!4d29.9622617!16s%2Fg%2F11fl7b4hws!19sChIJb0s2_ifF9RQRl6_Cg7K6uec?authuser=0&hl=en&g_ep=EgoyMDI2MDkwOS4wIJJjKgBIAVAD&rclk=1
عيادة د.جيهان بركات ( استشارى جلديه),جلدية,طبيب أمراض جلدية,034844097,"6 شارع محمد موسى خلف مسرح محمد عبد الوهاب،, Mahta Al Raml Sq.",31.2044101,29.90531,https://www.google.com/maps/place/%D8%B9%D9%8A%D8%A7%D8%AF%D8%A9+%D8%AF.%D8%AC%D9%8A%D9%87%D8%A7%D9%86+%D8%A8%D8%B1%D9%83%D8%A7%D8%AA+%28+%D8%A7%D8%B3%D8%AA%D8%B4%D8%A7%D8%B1%D9%89+%D8%AC%D9%84%D8%AF%D9%8A%D9%87%29%E2%80%AD/data=!4m7!3m6!1s0x14f5c3abd7f1a301:0x2a26950cc2ad9a8d!8m2!3d31.2044101!4d29.90531!16s%2Fg%2F11pdy0tg55!19sChIJAaPx16vD9RQRjZqtwgyVJio?authuser=0&hl=en&g_ep=EgoyMDI2MDkwOS4wIJJjKgBIAVAD&rclk=1
عيادة د.محمد حجازي جلدية و تجميل,جلدية,طبيب أمراض جلدية,01281575455,"32T Moustafa Kamel, street",31.2160971,29.9439702,https://www.google.com/maps/place/%D8%B9%D9%8A%D8%A7%D8%AF%D8%A9+%D8%AF.%D9%85%D8%AD%D9%85%D8%AF+%D8%AD%D8%AC%D8%A7%D8%B2%D9%8A+%D8%AC%D9%84%D8%AF%D9%8A%D8%A9+%D9%88+%D8%AA%D8%AC%D9%85%D9%8A%D9%84%E2%80%AD/data=!4m7!3m6!1s0x14f5c51d379f0c7f:0x226f652a6e189828!8m2!3d31.2160971!4d29.9439702!16s%2Fg%2F11nxsjk87c!19sChIJfwyfNx3F9RQRKJgYbiplbyI?authuser=0&hl=en&g_ep=EgoyMDI2MDkwOS4wIJJjKgBIAVAD&rclk=1
عيادة د.ولاء منصور أخصائية الجلدية والتجميل والليزر,جلدية,طبيب أمراض جلدية,01551016996,,26.1992344,50.1650547,https://www.google.com/maps/place/%D8%B9%D9%8A%D8%A7%D8%AF%D8%A9+%D8%AF.%D9%88%D9%84%D8%A7%D8%A1+%D9%85%D9%86%D8%B5%D9%88%D8%B1+%D8%A3%D8%AE%D8%B5%D8%A7%D8%A6%D9%8A%D8%A9+%D8%A7%D9%84%D8%AC%D9%84%D8%AF%D9%8A%D8%A9+%D9%88%D8%A7%D9%84%D8%AA%D8%AC%D9%85%D9%8A%D9%84+%D9%88%D8%A7%D9%84%D9%84%D9%8A%D8%B2%D8%B1%E2%80%AD/data=!4m7!3m6!1s0x14f5c579f8cdc885:0xabc3f9c86844dfb!8m2!3d26.1992344!4d50.1650547!16s%2Fg%2F11trdx390l!19sChIJhcjN-HnF9RQR-02Ehpw_vAo?authuser=0&hl=en&g_ep=EgoyMDI2MDkwOS4wIJJjKgBIAVAD&rclk=1
عيادة دكتور أحمد حسن استشاري الجلدية كليوبترا,جلدية,طبيب أمراض جلدية,01212014050,"محطة ترام كليوبترا حمامات, ٥٠ Sidi Gabir Rd",31.2209679,29.9368778,https://www.google.com/maps/place/%D8%B9%D9%8A%D8%A7%D8%AF%D8%A9+%D8%AF%D9%83%D8%AA%D9%88%D8%B1+%D8%A3%D8%AD%D9%85%D8%AF+%D8%AD%D8%B3%D9%86+%D8%A7%D8%B3%D8%AA%D8%B4%D8%A7%D8%B1%D9%8A+%D8%A7%D9%84%D8%AC%D9%84%D8%AF%D9%8A%D8%A9+%D9%83%D9%84%D9%8A%D9%88%D8%A8%D8%AA%D8%B1%D8%A7%E2%80%AD/data=!4m7!3m6!1s0x14f5c48c53c12e0f:0x6a21af11de0064f7!8m2!3d31.2209679!4d29.9368778!16s%2Fg%2F11h0cf01_b!19sChIJDy7BU4zE9RQR92QA3hGvIWo?authuser=0&hl=en&g_ep=EgoyMDI2MDkwOS4wIJJjKgBIAVAD&rclk=1
عيادة دكتور خالد عمر.امراض جلدية وتناسلية وعقم الرجال وتجميل الجلد,جلدية,طبيب أمراض جلدية,01093338482,٧٢ شارع مصطفى كامل.فلمنج.الاسكندرية المدخل السكنى.الدور الاول.شقة ١٠٩,31.2326526,29.9609106,https://www.google.com/maps/place/%D8%B9%D9%8A%D8%A7%D8%AF%D8%A9+%D8%AF%D9%83%D8%AA%D9%88%D8%B1+%D8%AE%D8%A7%D9%84%D8%AF+%D8%B9%D9%85%D8%B1.%D8%A7%D9%85%D8%B1%D8%A7%D8%B6+%D8%AC%D9%84%D8%AF%D9%8A%D8%A9+%D9%88%D8%AA%D9%86%D8%A7%D8%B3%D9%84%D9%8A%D8%A9+%D9%88%D8%B9%D9%82%D9%85+%D8%A7%D9%84%D8%B1%D8%AC%D8%A7%D9%84+%D9%88%D8%AA%D8%AC%D9%85%D9%8A%D9%84+%D8%A7%D9%84%D8%AC%D9%84%D8%AF%E2%80%AD/data=!4m7!3m6!1s0x14f5db02d0b7a69b:0xb246796fe3f342ab!8m2!3d31.2326526!4d29.9609106!16s%2Fg%2F11s0wgprc2!19sChIJm6a30ALb9RQRq0Lz4295RrI?authuser=0&hl=en&g_ep=EgoyMDI2MDkwOS4wIJJjKgBIAVAD&rclk=1
عيادة دكتور/ إسلام الحلو استشاري الامراض الجلديه و التناسليه و التجميل,جلدية,طبيب أمراض جلدية,01016006000,٣٧٥طريق الجيش,31.2414311,29.9603369,https://www.google.com/maps/place/%D8%B9%D9%8A%D8%A7%D8%AF%D8%A9+%D8%AF%D9%83%D8%AA%D9%88%D8%B1%2F+%D8%A5%D8%B3%D9%84%D8%A7%D9%85+%D8%A7%D9%84%D8%AD%D9%84%D9%88+%D8%A7%D8%B3%D8%AA%D8%B4%D8%A7%D8%B1%D9%8A+%D8%A7%D9%84%D8%A7%D9%85%D8%B1%D8%A7%D8%B6+%D8%A7%D9%84%D8%AC%D9%84%D8%AF%D9%8A%D9%87+%D9%88+%D8%A7%D9%84%D8%AA%D9%86%D8%A7%D8%B3%D9%84%D9%8A%D9%87+%D9%88+%D8%A7%D9%84%D8%AA%D8%AC%D9%85%D9%8A%D9%84%E2%80%AD/data=!4m7!3m6!1s0x242445b16a31152b:0x13096e424c20071e!8m2!3d31.2414311!4d29.9603369!16s%2Fg%2F11xmlbgw17!19sChIJKxUxarFFJCQRHgcgTEJuCRM?authuser=0&hl=en&g_ep=EgoyMDI2MDkwOS4wIJJjKgBIAVAD&rclk=1
عيادة دكتورة فوزيه رفاعى,جلدية,طبيب أمراض جلدية,01159655541,,31.2569275,29.9957995,https://www.google.com/maps/place/%D8%B9%D9%8A%D8%A7%D8%AF%D8%A9+%D8%AF%D9%83%D8%AA%D9%88%D8%B1%D8%A9+%D9%81%D9%88%D8%B2%D9%8A%D9%87+%D8%B1%D9%81%D8%A7%D8%B9%D9%89%E2%80%AD/data=!4m7!3m6!1s0x14f5dbd1c5fc0891:0x9fcad767a7babc02!8m2!3d31.2569275!4d29.9957995!16s%2Fg%2F11fj0pdbgb!19sChIJkQj8xdHb9RQRAry6p2fXyp8?authuser=0&hl=en&g_ep=EgoyMDI2MDkwOS4wIJJjKgBIAVAD&rclk=1
عياده الدكتوره ياسمين الحكيم اخصائيه الجلديه والتجميل والليزر والتغذية العلاجيه,جلدية,طبيب أمراض جلدية,033089217,61 Al Bitash,31.1208902,29.7873419,https://www.google.com/maps/place/%D8%B9%D9%8A%D8%A7%D8%AF%D9%87+%D8%A7%D9%84%D8%AF%D9%83%D8%AA%D9%88%D8%B1%D9%87+%D9%8A%D8%A7%D8%B3%D9%85%D9%8A%D9%86+%D8%A7%D9%84%D8%AD%D9%83%D9%8A%D9%85+%D8%A7%D8%AE%D8%B5%D8%A7%D8%A6%D9%8A%D9%87+%D8%A7%D9%84%D8%AC%D9%84%D8%AF%D9%8A%D9%87+%D9%88%D8%A7%D9%84%D8%AA%D8%AC%D9%85%D9%8A%D9%84+%D9%88%D8%A7%D9%84%D9%84%D9%8A%D8%B2%D8%B1+%D9%88%D8%A7%D9%84%D8%AA%D8%BA%D8%B0%D9%8A%D8%A9+%D8%A7%D9%84%D8%B9%D9%84%D8%A7%D8%AC%D9%8A%D9%87%E2%80%AD/data=!4m7!3m6!1s0x14f595275a7ed7b7:0x92b9e6195010e38e!8m2!3d31.1208902!4d29.7873419!16s%2Fg%2F11v5fc812z!19sChIJt9d-WieV9RQRjuMQUBnmuZI?authuser=0&hl=en&g_ep=EgoyMDI2MDkwOS4wIJJjKgBIAVAD&rclk=1
مركز الدكتورة تباسيم محمد بسيونى,جلدية,طبيب أمراض جلدية,035855015,بيت الحاسبات، شارع الفتح فلمنج بجوار مول,31.2342477,29.9632351,https://www.google.com/maps/place/%D9%85%D8%B1%D9%83%D8%B2+%D8%A7%D9%84%D8%AF%D9%83%D8%AA%D9%88%D8%B1%D8%A9+%D8%AA%D8%A8%D8%A7%D8%B3%D9%8A%D9%85+%D9%85%D8%AD%D9%85%D8%AF+%D8%A8%D8%B3%D9%8A%D9%88%D9%86%D9%89%E2%80%AD/data=!4m7!3m6!1s0x14f5c4d77788aa97:0x5cd0d1cb7c7b0dd2!8m2!3d31.2342477!4d29.9632351!16s%2Fg%2F11h1135z20!19sChIJl6qId9fE9RQR0g17fMvR0Fw?authuser=0&hl=en&g_ep=EgoyMDI2MDkwOS4wIJJjKgBIAVAD&rclk=1
مركز الطلخاوي الطبي,جلدية,طبيب أمراض جلدية,01288837111,"خلف جزارة الطلخاوى, أول شارع أولاد منصورناصية, Al Bitash",31.1216929,29.7852256,https://www.google.com/maps/place/%D9%85%D8%B1%D9%83%D8%B2+%D8%A7%D9%84%D8%B7%D9%84%D8%AE%D8%A7%D9%88%D9%8A+%D8%A7%D9%84%D8%B7%D8%A8%D9%8A%E2%80%AD/data=!4m7!3m6!1s0x14f59533d82840ef:0xae64182121eafca9!8m2!3d31.1216929!4d29.7852256!16s%2Fg%2F11tjwb1spf!19sChIJ70Ao2DOV9RQRqfzqISEYZK4?authuser=0&hl=en&g_ep=EgoyMDI2MDkwOS4wIJJjKgBIAVAD&rclk=1
الاستاذ الدكتور محمد عبد الرؤوف توفيق - عيادة أمراض الجهاز الهضمي والكبد و المناظير بمستشفى السعودي الالماني بالإسكندرية,جهاز هضمي,مستشفى خاصة,01550844075,محور التعمير، كيلو ٢٣ Alexandria - Marsa Matrouh Rd,31.0597184,29.7184737,https://www.google.com/maps/place/%D8%A7%D9%84%D8%A7%D8%B3%D8%AA%D8%A7%D8%B0+%D8%A7%D9%84%D8%AF%D9%83%D8%AA%D9%88%D8%B1+%D9%85%D8%AD%D9%85%D8%AF+%D8%B9%D8%A8%D8%AF+%D8%A7%D9%84%D8%B1%D8%A4%D9%88%D9%81+%D8%AA%D9%88%D9%81%D9%8A%D9%82+-+%D8%B9%D9%8A%D8%A7%D8%AF%D8%A9+%D8%A3%D9%85%D8%B1%D8%A7%D8%B6+%D8%A7%D9%84%D8%AC%D9%87%D8%A7%D8%B2+%D8%A7%D9%84%D9%87%D8%B6%D9%85%D9%8A+%D9%88%D8%A7%D9%84%D9%83%D8%A8%D8%AF+%D9%88+%D8%A7%D9%84%D9%85%D9%86%D8%A7%D8%B8%D9%8A%D8%B1+%D8%A8%D9%85%D8%B3%D8%AA%D8%B4%D9%81%D9%89+%D8%A7%D9%84%D8%B3%D8%B9%D9%88%D8%AF%D9%8A+%D8%A7%D9%84%D8%A7%D9%84%D9%85%D8%A7%D9%86%D9%8A+%D8%A8%D8%A7%D9%84%D8%A5%D8%B3%D9%83%D9%86%D8%AF%D8%B1%D9%8A%D8%A9%E2%80%AD/data=!4m7!3m6!1s0x14f593cd5a6f81f1:0xe9b44e5b97341f3c!8m2!3d31.0597184!4d29.7184737!16s%2Fg%2F11x_qckh5p!19sChIJ8YFvWs2T9RQRPB80l1tOtOk?authuser=0&hl=en&g_ep=EgoyMDI2MDkwOS4wIJJjKgBIAVAD&rclk=1
دكتور أشرف يحيى,جهاز هضمي,طبيب جهاز هضمي,034111190,امام صيدليه المعراج بجوار كافيه الطماوي، طريق الأسكندريه الصحراوي,31.0871018,29.7499899,https://www.google.com/maps/place/%D8%AF%D9%83%D8%AA%D9%88%D8%B1+%D8%A3%D8%B4%D8%B1%D9%81+%D9%8A%D8%AD%D9%8A%D9%89%E2%80%AD/data=!4m7!3m6!1s0x14f59481b42c4a33:0x2873b25f760ccb99!8m2!3d31.0871018!4d29.7499899!16s%2Fg%2F11h79r5svf!19sChIJM0ostIGU9RQRmcsMdl-ycyg?authuser=0&hl=en&g_ep=EgoyMDI2MDkwOS4wIJJjKgBIAVAD&rclk=1
عيادة الأستاذ الدكتور عصام بديوي,جهاز هضمي,طبيب جهاز هضمي,035229729,٤٩ شارع الشهيد محمد السيد حفني كليوباترا المحطة برج الأميرات الدور الأول,31.2181478,29.9377202,https://www.google.com/maps/place/%D8%B9%D9%8A%D8%A7%D8%AF%D8%A9+%D8%A7%D9%84%D8%A3%D8%B3%D8%AA%D8%A7%D8%B0+%D8%A7%D9%84%D8%AF%D9%83%D8%AA%D9%88%D8%B1+%D8%B9%D8%B5%D8%A7%D9%85+%D8%A8%D8%AF%D9%8A%D9%88%D9%8A%E2%80%AD/data=!4m7!3m6!1s0x14f5c48dc31a3295:0xfaa3743b4a48d4be!8m2!3d31.2181478!4d29.9377202!16s%2Fg%2F11hd570grd!19sChIJlTIaw43E9RQRvtRISjt0o_o?authuser=0&hl=en&g_ep=EgoyMDI2MDkwOS4wIJJjKgBIAVAD&rclk=1
عيادة جراحة و مناظير الأنف و الأذن و الحنجرة - د/أمنية إبراهيم,جهاز هضمي,عيادة طب الأنف والأذن والحنجرة,01278222722,"امام مدرسه اللواء محمد نجيب, Alexandria - Marsa Matrouh Rd",31.0972624,29.7693158,https://www.google.com/maps/place/%D8%B9%D9%8A%D8%A7%D8%AF%D8%A9+%D8%AC%D8%B1%D8%A7%D8%AD%D8%A9+%D9%88+%D9%85%D9%86%D8%A7%D8%B8%D9%8A%D8%B1+%D8%A7%D9%84%D8%A3%D9%86%D9%81+%D9%88+%D8%A7%D9%84%D8%A3%D8%B0%D9%86+%D9%88+%D8%A7%D9%84%D8%AD%D9%86%D8%AC%D8%B1%D8%A9+-+%D8%AF%2F%D8%A3%D9%85%D9%86%D9%8A%D8%A9+%D8%A5%D8%A8%D8%B1%D8%A7%D9%87%D9%8A%D9%85%E2%80%AD/data=!4m7!3m6!1s0x14f59500128c41b1:0x5f96b7ec99ccf7f2!8m2!3d31.0972624!4d29.7693158!16s%2Fg%2F11ycj09t6j!19sChIJsUGMEgCV9RQR8vfMmey3ll8?authuser=0&hl=en&g_ep=EgoyMDI2MDkwOS4wIJJjKgBIAVAD&rclk=1
عيادة د. نجلاء فتحي Dr / Naglaa Fathi GastroClinic,جهاز هضمي,عيادة طبية,01202438432,"اعلي محل ابو هندية للاحذية، دوران كلاسيك, Al Hanouvel",31.1004892,29.7737258,https://www.google.com/maps/place/%D8%B9%D9%8A%D8%A7%D8%AF%D8%A9+%D8%AF.+%D9%86%D8%AC%D9%84%D8%A7%D8%A1+%D9%81%D8%AA%D8%AD%D9%8A+Dr+%2F+Naglaa+Fathi+GastroClinic%E2%80%AD/data=!4m7!3m6!1s0x14f595a6f531a8ef:0xb7e6d5064be5b648!8m2!3d31.1004892!4d29.7737258!16s%2Fg%2F11sbz68s6h!19sChIJ76gx9aaV9RQRSLblSwbV5rc?authuser=0&hl=en&g_ep=EgoyMDI2MDkwOS4wIJJjKgBIAVAD&rclk=1
عيادة دكتور أحمد فرحات الماوي - للجراحة العامة وجراحة الأورام والمناظير,جهاز هضمي,جرَّاح,01210040163,1 El-Saberin Mosque,31.0881335,29.7519582,https://www.google.com/maps/place/%D8%B9%D9%8A%D8%A7%D8%AF%D8%A9+%D8%AF%D9%83%D8%AA%D9%88%D8%B1+%D8%A3%D8%AD%D9%85%D8%AF+%D9%81%D8%B1%D8%AD%D8%A7%D8%AA+%D8%A7%D9%84%D9%85%D8%A7%D9%88%D9%8A+-+%D9%84%D9%84%D8%AC%D8%B1%D8%A7%D8%AD%D8%A9+%D8%A7%D9%84%D8%B9%D8%A7%D9%85%D8%A9+%D9%88%D8%AC%D8%B1%D8%A7%D8%AD%D8%A9+%D8%A7%D9%84%D8%A3%D9%88%D8%B1%D8%A7%D9%85+%D9%88%D8%A7%D9%84%D9%85%D9%86%D8%A7%D8%B8%D9%8A%D8%B1%E2%80%AD/data=!4m7!3m6!1s0x14f5954ebc55d3eb:0xc20d58047bb93327!8m2!3d31.0881335!4d29.7519582!16s%2Fg%2F11pzrm0rks!19sChIJ69NVvE6V9RQRJzO5ewRYDcI?authuser=0&hl=en&g_ep=EgoyMDI2MDkwOS4wIJJjKgBIAVAD&rclk=1
الأستاذ الدكتور مجدى أبو الريان,صدر وحساسية,طبيب الرئة,035430090,,31.2209059,29.9341068,https://www.google.com/maps/place/%D8%A7%D9%84%D8%A3%D8%B3%D8%AA%D8%A7%D8%B0+%D8%A7%D9%84%D8%AF%D9%83%D8%AA%D9%88%D8%B1+%D9%85%D8%AC%D8%AF%D9%89+%D8%A3%D8%A8%D9%88+%D8%A7%D9%84%D8%B1%D9%8A%D8%A7%D9%86%E2%80%AD/data=!4m7!3m6!1s0x14f5c48c7da12e19:0x2d5f10160b2d1ee7!8m2!3d31.2209059!4d29.9341068!16s%2Fg%2F1thj7823!19sChIJGS6hfYzE9RQR5x4tCxYQXy0?authuser=0&hl=en&g_ep=EgoyMDI2MDkwOS4wIJJjKgBIAVAD&rclk=1
د. شريف خفاجي استشارى أمراض الجهاز التنفسي و الحساسية,صدر وحساسية,طبيب الرئة,033015677,الهانوفيل امام سيتي سينتر,31.0997093,29.7726881,https://www.google.com/maps/place/%D8%AF.+%D8%B4%D8%B1%D9%8A%D9%81+%D8%AE%D9%81%D8%A7%D8%AC%D9%8A+%D8%A7%D8%B3%D8%AA%D8%B4%D8%A7%D8%B1%D9%89+%D8%A3%D9%85%D8%B1%D8%A7%D8%B6+%D8%A7%D9%84%D8%AC%D9%87%D8%A7%D8%B2+%D8%A7%D9%84%D8%AA%D9%86%D9%81%D8%B3%D9%8A+%D9%88+%D8%A7%D9%84%D8%AD%D8%B3%D8%A7%D8%B3%D9%8A%D8%A9%E2%80%AD/data=!4m7!3m6!1s0x14f595117256879f:0x9e4ecba591b043a3!8m2!3d31.0997093!4d29.7726881!16s%2Fg%2F11hdss0hc6!19sChIJn4dWchGV9RQRo0OwkaXLTp4?authuser=0&hl=en&g_ep=EgoyMDI2MDkwOS4wIJJjKgBIAVAD&rclk=1
دكتور محمد سالم,صدر وحساسية,طبيب أمراض الحساسية,01116431291,طريق اسكندرية مطروح مقابل، ميدان الهانوفيل,31.0979486,29.7713201,https://www.google.com/maps/place/%D8%AF%D9%83%D8%AA%D9%88%D8%B1+%D9%85%D8%AD%D9%85%D8%AF+%D8%B3%D8%A7%D9%84%D9%85%E2%80%AD/data=!4m7!3m6!1s0x14f594bf53bd740f:0xc9438ca4c6797c9!8m2!3d31.0979486!4d29.7713201!16s%2Fg%2F11fktdr2w0!19sChIJD3S9U7-U9RQRyZdnTMo4lAw?authuser=0&hl=en&g_ep=EgoyMDI2MDkwOS4wIJJjKgBIAVAD&rclk=1
عيادة دكتور ايمن سعيد علام استشارى صدر,صدر وحساسية,مستشار صحي,01024217145,3QQ3+H89,31.0890117,29.753361,https://www.google.com/maps/place/%D8%B9%D9%8A%D8%A7%D8%AF%D8%A9+%D8%AF%D9%83%D8%AA%D9%88%D8%B1+%D8%A7%D9%8A%D9%85%D9%86+%D8%B3%D8%B9%D9%8A%D8%AF+%D8%B9%D9%84%D8%A7%D9%85+%D8%A7%D8%B3%D8%AA%D8%B4%D8%A7%D8%B1%D9%89+%D8%B5%D8%AF%D8%B1%E2%80%AD/data=!4m7!3m6!1s0x14f595745a03d0d9:0x5e28daa24293bac!8m2!3d31.0890117!4d29.753361!16s%2Fg%2F11vbskkm_j!19sChIJ2dADWnSV9RQRrDspJKqN4gU?authuser=0&hl=en&g_ep=EgoyMDI2MDkwOS4wIJJjKgBIAVAD&rclk=1
O.C.C - دكتور محمد سلام و دكتور منسوب الشال,عظام,عيادة جراحة العظام,01097904507,برج استراحة المديرين، خلف برج فرعاص وفودافون أمام، مستشفى مطروح العام,31.349157,27.242269,https://www.google.com/maps/place/O.C.C+-+%D8%AF%D9%83%D8%AA%D9%88%D8%B1+%D9%85%D8%AD%D9%85%D8%AF+%D8%B3%D9%84%D8%A7%D9%85+%D9%88+%D8%AF%D9%83%D8%AA%D9%88%D8%B1+%D9%85%D9%86%D8%B3%D9%88%D8%A8+%D8%A7%D9%84%D8%B4%D8%A7%D9%84%E2%80%AD/data=!4m7!3m6!1s0x1461f965e7fcc2bb:0xdd0bb012c0216ebf!8m2!3d31.349157!4d27.242269!16s%2Fg%2F11npqz1r4b!19sChIJu8L852X5YRQRv24hwBKwC90?authuser=0&hl=en&g_ep=EgoyMDI2MDkwOS4wIJJjKgBIAVAD&rclk=1
د/ صابر الجمال,عظام,جراح تقويم عظام,01148748427,ابو يوسف، امام ابو حجاج بجوار برج الصابرين، شارع مسجد الصابرين، 17 5طريق الإسكندرية,31.0883314,29.7528406,https://www.google.com/maps/place/%D8%AF%2F+%D8%B5%D8%A7%D8%A8%D8%B1+%D8%A7%D9%84%D8%AC%D9%85%D8%A7%D9%84%E2%80%AD/data=!4m7!3m6!1s0x14f59490cc457dc1:0x919f98609e227cfb!8m2!3d31.0883314!4d29.7528406!16s%2Fg%2F11h12rpwwp!19sChIJwX1FzJCU9RQR-3winmCYn5E?authuser=0&hl=en&g_ep=EgoyMDI2MDkwOS4wIJJjKgBIAVAD&rclk=1
دكتور أحمد أبوزيد لجراحة العظام والمناظير والعمود الفقري,عظام,جراح تقويم عظام,01067716914,"برج [بى ] B, الاسكندرية العجمى الهانوفيل العجمى الهانوفيل اعلى اسواق فتح الله وابويونس للمشويات",31.0983423,29.7714019,https://www.google.com/maps/place/%D8%AF%D9%83%D8%AA%D9%88%D8%B1+%D8%A3%D8%AD%D9%85%D8%AF+%D8%A3%D8%A8%D9%88%D8%B2%D9%8A%D8%AF+%D9%84%D8%AC%D8%B1%D8%A7%D8%AD%D8%A9+%D8%A7%D9%84%D8%B9%D8%B8%D8%A7%D9%85+%D9%88%D8%A7%D9%84%D9%85%D9%86%D8%A7%D8%B8%D9%8A%D8%B1+%D9%88%D8%A7%D9%84%D8%B9%D9%85%D9%88%D8%AF+%D8%A7%D9%84%D9%81%D9%82%D8%B1%D9%8A%E2%80%AD/data=!4m7!3m6!1s0x14f5951d79ad151f:0xea761f5ff09913a1!8m2!3d31.0983423!4d29.7714019!16s%2Fg%2F11tc3pc_z6!19sChIJHxWteR2V9RQRoROZ8F8fduo?authuser=0&hl=en&g_ep=EgoyMDI2MDkwOS4wIJJjKgBIAVAD&rclk=1
دكتور أحمد ناصر,عظام,عيادة جراحة العظام,01272709857,3PPW+8JW، طريق اسكندرية مطروح، بجوار شارع همام,31.0858632,29.7465763,https://www.google.com/maps/place/%D8%AF%D9%83%D8%AA%D9%88%D8%B1+%D8%A3%D8%AD%D9%85%D8%AF+%D9%86%D8%A7%D8%B5%D8%B1%E2%80%AD/data=!4m7!3m6!1s0x14f59481a4818645:0x94cf7c245f71fe8!8m2!3d31.0858632!4d29.7465763!16s%2Fg%2F11h7dt5r3l!19sChIJRYaBpIGU9RQR6B_3RcL3TAk?authuser=0&hl=en&g_ep=EgoyMDI2MDkwOS4wIJJjKgBIAVAD&rclk=1
دكتور أمجد الدناصورى,عظام,جراح تقويم عظام,01009931838,"شارع الهانوفيل، متفرع من, Alexandria - Marsa Matrouh Rd",31.1024771,29.7685366,https://www.google.com/maps/place/%D8%AF%D9%83%D8%AA%D9%88%D8%B1+%D8%A3%D9%85%D8%AC%D8%AF+%D8%A7%D9%84%D8%AF%D9%86%D8%A7%D8%B5%D9%88%D8%B1%D9%89%E2%80%AD/data=!4m7!3m6!1s0x14f594c1a7a7a7bf:0x8e499971a573d209!8m2!3d31.1024771!4d29.7685366!16s%2Fg%2F11fl7byw_t!19sChIJv6enp8GU9RQRCdJzpXGZSY4?authuser=0&hl=en&g_ep=EgoyMDI2MDkwOS4wIJJjKgBIAVAD&rclk=1
دكتور إيهاب فؤاد,عظام,جراح تقويم عظام,01146862436,"4Q5M+8VH، شارع اسكندرية، مطروح, Alex - Marsa Matrouh",31.1083219,29.7847234,https://www.google.com/maps/place/%D8%AF%D9%83%D8%AA%D9%88%D8%B1+%D8%A5%D9%8A%D9%87%D8%A7%D8%A8+%D9%81%D8%A4%D8%A7%D8%AF%E2%80%AD/data=!4m7!3m6!1s0x14f594d2484ff981:0xbefbdb9318fad1c!8m2!3d31.1083219!4d29.7847234!16s%2Fg%2F11h3ht8v2b!19sChIJgflPSNKU9RQRHK2PMbm97ws?authuser=0&hl=en&g_ep=EgoyMDI2MDkwOS4wIJJjKgBIAVAD&rclk=1
دكتور عبد الرحمن حافظ,عظام,جراح تقويم عظام,,"3QQ3+WR6, Alexandria - Marsa Matrouh Rd",31.0899598,29.7545692,https://www.google.com/maps/place/%D8%AF%D9%83%D8%AA%D9%88%D8%B1+%D8%B9%D8%A8%D8%AF+%D8%A7%D9%84%D8%B1%D8%AD%D9%85%D9%86+%D8%AD%D8%A7%D9%81%D8%B8%E2%80%AD/data=!4m7!3m6!1s0x14f5950016b8a4cb:0x56036793c08eb78c!8m2!3d31.0899598!4d29.7545692!16s%2Fg%2F11xnrhd1fd!19sChIJy6S4FgCV9RQRjLeOwJNnA1Y?authuser=0&hl=en&g_ep=EgoyMDI2MDkwOS4wIJJjKgBIAVAD&rclk=1
دكتور محمود عبدالمنعم محمد,عظام,عيادة جراحة العظام,01280467904,"بجوار مسجد التقوى،, Al Hanouvel",31.1052132,29.7657897,https://www.google.com/maps/place/%D8%AF%D9%83%D8%AA%D9%88%D8%B1+%D9%85%D8%AD%D9%85%D9%88%D8%AF+%D8%B9%D8%A8%D8%AF%D8%A7%D9%84%D9%85%D9%86%D8%B9%D9%85+%D9%85%D8%AD%D9%85%D8%AF%E2%80%AD/data=!4m7!3m6!1s0x14f594c20098ada7:0xfe1de940c804ec6e!8m2!3d31.1052132!4d29.7657897!16s%2Fg%2F11h3mzbv49!19sChIJp62YAMKU9RQRbuwEyEDpHf4?authuser=0&hl=en&g_ep=EgoyMDI2MDkwOS4wIJJjKgBIAVAD&rclk=1
عيادات د/ أسامة حسن لجراحات العظام فرع مطروح,عظام,عيادة جراحة العظام,,"86XR+JMV, Alxandria street",31.3491145,27.2416582,https://www.google.com/maps/place/%D8%B9%D9%8A%D8%A7%D8%AF%D8%A7%D8%AA+%D8%AF%2F+%D8%A3%D8%B3%D8%A7%D9%85%D8%A9+%D8%AD%D8%B3%D9%86+%D9%84%D8%AC%D8%B1%D8%A7%D8%AD%D8%A7%D8%AA+%D8%A7%D9%84%D8%B9%D8%B8%D8%A7%D9%85+%D9%81%D8%B1%D8%B9+%D9%85%D8%B7%D8%B1%D9%88%D8%AD%E2%80%AD/data=!4m7!3m6!1s0x1461f95ae54e7163:0x144faf415387d2bd!8m2!3d31.3491145!4d27.2416582!16s%2Fg%2F11p5mmnk_t!19sChIJY3FO5Vr5YRQRvdKHU0GvTxQ?authuser=0&hl=en&g_ep=EgoyMDI2MDkwOS4wIJJjKgBIAVAD&rclk=1
عيادة الأستاذ الدكتور/ أمين عبد الرازق لجراحة العظام (فرع العجمي),عظام,عيادة جراحة العظام,01149992880,"برج الصابرين بجوار, El-Saberin Mosque",31.0883462,29.7523652,https://www.google.com/maps/place/%D8%B9%D9%8A%D8%A7%D8%AF%D8%A9+%D8%A7%D9%84%D8%A3%D8%B3%D8%AA%D8%A7%D8%B0+%D8%A7%D9%84%D8%AF%D9%83%D8%AA%D9%88%D8%B1%2F+%D8%A3%D9%85%D9%8A%D9%86+%D8%B9%D8%A8%D8%AF+%D8%A7%D9%84%D8%B1%D8%A7%D8%B2%D9%82+%D9%84%D8%AC%D8%B1%D8%A7%D8%AD%D8%A9+%D8%A7%D9%84%D8%B9%D8%B8%D8%A7%D9%85+%28%D9%81%D8%B1%D8%B9+%D8%A7%D9%84%D8%B9%D8%AC%D9%85%D9%8A%29%E2%80%AD/data=!4m7!3m6!1s0x14f595e8a27f4701:0x8b459446b36fa029!8m2!3d31.0883462!4d29.7523652!16s%2Fg%2F11h71459n_!19sChIJAUd_ouiV9RQRKaBvs0aURYs?authuser=0&hl=en&g_ep=EgoyMDI2MDkwOS4wIJJjKgBIAVAD&rclk=1
عيادة الدكتور محمد ابراهيم لجراحة العظام والكسور,عظام,جراح تقويم عظام,01001683805,"أعلى سوبر ماركت الشامى, Alexandria - Marsa Matrouh Rd",31.0937053,29.7630115,https://www.google.com/maps/place/%D8%B9%D9%8A%D8%A7%D8%AF%D8%A9+%D8%A7%D9%84%D8%AF%D9%83%D8%AA%D9%88%D8%B1+%D9%85%D8%AD%D9%85%D8%AF+%D8%A7%D8%A8%D8%B1%D8%A7%D9%87%D9%8A%D9%85+%D9%84%D8%AC%D8%B1%D8%A7%D8%AD%D8%A9+%D8%A7%D9%84%D8%B9%D8%B8%D8%A7%D9%85+%D9%88%D8%A7%D9%84%D9%83%D8%B3%D9%88%D8%B1%E2%80%AD/data=!4m7!3m6!1s0x14f59509a1ac64af:0xef8d2ae303df070d!8m2!3d31.0937053!4d29.7630115!16s%2Fg%2F11v0g6hk_t!19sChIJr2SsoQmV9RQRDQffA-Mqje8?authuser=0&hl=en&g_ep=EgoyMDI2MDkwOS4wIJJjKgBIAVAD&rclk=1
عيادة د علي بدوي لجراحة العظام و المفاصل الصناعية العجمي,عظام,طبيب,01007544739,"ابويوسف, برج الصابرين الطبي بجوار مسجد الصابين الدور الارضي, الكيلو ١٩ Alexandria - Marsa Matrouh Rd",31.0883976,29.7524903,https://www.google.com/maps/place/%D8%B9%D9%8A%D8%A7%D8%AF%D8%A9+%D8%AF+%D8%B9%D9%84%D9%8A+%D8%A8%D8%AF%D9%88%D9%8A+%D9%84%D8%AC%D8%B1%D8%A7%D8%AD%D8%A9+%D8%A7%D9%84%D8%B9%D8%B8%D8%A7%D9%85+%D9%88+%D8%A7%D9%84%D9%85%D9%81%D8%A7%D8%B5%D9%84+%D8%A7%D9%84%D8%B5%D9%86%D8%A7%D8%B9%D9%8A%D8%A9+%D8%A7%D9%84%D8%B9%D8%AC%D9%85%D9%8A%E2%80%AD/data=!4m7!3m6!1s0x14f5950056e8071d:0xd76e313f4eeb194d!8m2!3d31.0883976!4d29.7524903!16s%2Fg%2F11yn13225c!19sChIJHQfoVgCV9RQRTRnrTj8xbtc?authuser=0&hl=en&g_ep=EgoyMDI2MDkwOS4wIJJjKgBIAVAD&rclk=1
دكتور مصطفى محمود,علاج طبيعي,أخصائي علاج طبيعي,01222348974,Alexandria - Marsa Matrouh Rd,31.1037832,29.7781141,https://www.google.com/maps/place/%D8%AF%D9%83%D8%AA%D9%88%D8%B1+%D9%85%D8%B5%D8%B7%D9%81%D9%89+%D9%85%D8%AD%D9%85%D9%88%D8%AF%E2%80%AD/data=!4m7!3m6!1s0x14f594cf6ff684ab:0x92c4beb62eb8f8fc!8m2!3d31.1037832!4d29.7781141!16s%2Fg%2F11h09pdh9r!19sChIJq4T2b8-U9RQR_Pi4Lra-xJI?authuser=0&hl=en&g_ep=EgoyMDI2MDkwOS4wIJJjKgBIAVAD&rclk=1
عيادة تغذية وعلاج طبيعي دكتور بسمة أحمد,علاج طبيعي,عيادة متخصصة,01021667154,"3QV6+67W, Al Haded We Al Soulb",31.0931262,29.760664,https://www.google.com/maps/place/%D8%B9%D9%8A%D8%A7%D8%AF%D8%A9+%D8%AA%D8%BA%D8%B0%D9%8A%D8%A9+%D9%88%D8%B9%D9%84%D8%A7%D8%AC+%D8%B7%D8%A8%D9%8A%D8%B9%D9%8A+%D8%AF%D9%83%D8%AA%D9%88%D8%B1+%D8%A8%D8%B3%D9%85%D8%A9+%D8%A3%D8%AD%D9%85%D8%AF%E2%80%AD/data=!4m7!3m6!1s0x14f595006a2ba33f:0xf3044fb6d1bf56f0!8m2!3d31.0931262!4d29.760664!16s%2Fg%2F11y7jrttll!19sChIJP6MragCV9RQR8Fa_0bZPBPM?authuser=0&hl=en&g_ep=EgoyMDI2MDkwOS4wIJJjKgBIAVAD&rclk=1
مركز العلاج الطبيعى,علاج طبيعي,عيادة علاج طبيعي,01224781937,الكيلو ١٧.٥، طريق اسكندرية مطروح، ابو يوسف، العجمي،,31.0922094,29.7597825,https://www.google.com/maps/place/%D9%85%D8%B1%D9%83%D8%B2+%D8%A7%D9%84%D8%B9%D9%84%D8%A7%D8%AC+%D8%A7%D9%84%D8%B7%D8%A8%D9%8A%D8%B9%D9%89%E2%80%AD/data=!4m7!3m6!1s0x14f59490ca63ade1:0x16f5de283d435772!8m2!3d31.0922094!4d29.7597825!16s%2Fg%2F11fkt7t93t!19sChIJ4a1jypCU9RQRcldDPSje9RY?authuser=0&hl=en&g_ep=EgoyMDI2MDkwOS4wIJJjKgBIAVAD&rclk=1
مركز دكتور عبد الناصر عوض استشاري العلاج الطبيعي,علاج طبيعي,عيادة علاج طبيعي,01111017450,ك 21، شارع International Coastal Rd,31.0773403,29.7344638,https://www.google.com/maps/place/%D9%85%D8%B1%D9%83%D8%B2+%D8%AF%D9%83%D8%AA%D9%88%D8%B1+%D8%B9%D8%A8%D8%AF+%D8%A7%D9%84%D9%86%D8%A7%D8%B5%D8%B1+%D8%B9%D9%88%D8%B6+%D8%A7%D8%B3%D8%AA%D8%B4%D8%A7%D8%B1%D9%8A+%D8%A7%D9%84%D8%B9%D9%84%D8%A7%D8%AC+%D8%A7%D9%84%D8%B7%D8%A8%D9%8A%D8%B9%D9%8A%E2%80%AD/data=!4m7!3m6!1s0x14f59381402c4fcd:0x92f9b00607ae2b03!8m2!3d31.0773403!4d29.7344638!16s%2Fg%2F11hxc1bx08!19sChIJzU8sQIGT9RQRAyuuBwaw-ZI?authuser=0&hl=en&g_ep=EgoyMDI2MDkwOS4wIJJjKgBIAVAD&rclk=1
Adel Shafey,عيادة عامة,عيادة طبية,034871824,,31.1977219,29.8977452,https://www.google.com/maps/place/Adel+Shafey/data=!4m7!3m6!1s0x14f5c3eebf340189:0xdb28db941dc971f0!8m2!3d31.1977219!4d29.8977452!16s%2Fg%2F1tj553ls!19sChIJiQE0v-7D9RQR8HHJHZTbKNs?authuser=0&hl=en&g_ep=EgoyMDI2MDkwOS4wIJJjKgBIAVAD&rclk=1
Assem soliman clinic,عيادة عامة,عيادة طبية,033019903,"3QXF+Q2H, Alexandria - Marsa Matrouh Rd",31.0994358,29.7726179,https://www.google.com/maps/place/Assem+soliman+clinic/data=!4m7!3m6!1s0x14f594c738ae1d6f:0x5d94a55a0021c896!8m2!3d31.0994358!4d29.7726179!16s%2Fg%2F11crz_gnss!19sChIJbx2uOMeU9RQRlsghAFqllF0?authuser=0&hl=en&g_ep=EgoyMDI2MDkwOS4wIJJjKgBIAVAD&rclk=1
C Care Clinic,عيادة عامة,طبيب رعاية الطوارئ,01093533496,"next to Marassi, North Coast Rd",30.9787247,28.719716,https://www.google.com/maps/place/C+Care+Clinic/data=!4m7!3m6!1s0x145ffd867ea71b7f:0x23da84843d41b2f2!8m2!3d30.9787247!4d28.719716!16s%2Fg%2F11w4q9xqkb!19sChIJfxunfob9XxQR8rJBPYSE2iM?authuser=0&hl=en&g_ep=EgoyMDI2MDkwOS4wIJJjKgBIAVAD&rclk=1
C care Clinic,عيادة عامة,طبيب رعاية الطوارئ,01093533496,"Hacienda Bay, 124 Alexandria - Marsa Matrouh Rd",30.9375008,28.7879897,https://www.google.com/maps/place/C+care+Clinic/data=!4m7!3m6!1s0x145ffb9101725ebf:0x487161c05d93466!8m2!3d30.9375008!4d28.7879897!16s%2Fg%2F11zcnjsk19!19sChIJv15yAZH7XxQRZjTZBRwWhwQ?authuser=0&hl=en&g_ep=EgoyMDI2MDkwOS4wIJJjKgBIAVAD&rclk=1
Dr Said Clinic,عيادة عامة,طبيب,,بجوار بنزينة موبيل وماركت الحرم، 148 Al Fanan Mohammed Othman، Governorateجميله بوحريد,31.2378732,29.9924992,https://www.google.com/maps/place/Dr+Said+Clinic/data=!4m7!3m6!1s0x14f5dbf009283687:0x5bccb2507f2567a7!8m2!3d31.2378732!4d29.9924992!16s%2Fg%2F11m_zjxb5y!19sChIJhzYoCfDb9RQRp2clf1CyzFs?authuser=0&hl=en&g_ep=EgoyMDI2MDkwOS4wIJJjKgBIAVAD&rclk=1
Dr. Heshmat Botros,عيادة عامة,طبيب,033020886,"4Q3H+QXP, Al Daresa",31.1044542,29.779949,https://www.google.com/maps/place/Dr.+Heshmat+Botros/data=!4m7!3m6!1s0x14f5daa2bf764fd3:0xe3d0bb717b5ea0a8!8m2!3d31.1044542!4d29.779949!16s%2Fg%2F11f4rdnm0_!19sChIJ0092v6La9RQRqKBee3G70OM?authuser=0&hl=en&g_ep=EgoyMDI2MDkwOS4wIJJjKgBIAVAD&rclk=1
Dr. Kamelia El Rakaibi,عيادة عامة,طبيب,033952732,11 El-Wazir,31.1947288,29.9186184,https://www.google.com/maps/place/Dr.+Kamelia+El+Rakaibi/data=!4m7!3m6!1s0x14f5c39ae4344177:0xd8f975b6e6f4f053!8m2!3d31.1947288!4d29.9186184!16s%2Fg%2F1tf62j95!19sChIJd0E05JrD9RQRU_D05rZ1-dg?authuser=0&hl=en&g_ep=EgoyMDI2MDkwOS4wIJJjKgBIAVAD&rclk=1
Dr. Magdy Mahmoud Ashmawy,عيادة عامة,عيادة طبية,035902515,,31.2113625,29.9279396,https://www.google.com/maps/place/Dr.+Magdy+Mahmoud+Ashmawy/data=!4m7!3m6!1s0x14f5c487631da063:0xe46c0c6c75a578b0!8m2!3d31.2113625!4d29.9279396!16s%2Fg%2F1vhjwbqw!19sChIJY6AdY4fE9RQRsHildWwMbOQ?authuser=0&hl=en&g_ep=EgoyMDI2MDkwOS4wIJJjKgBIAVAD&rclk=1
Dr. Mahmoud Nabil Kamel,عيادة عامة,عيادة طبية,034869545,19 ش امين فكرى,31.2018336,29.9029874,https://www.google.com/maps/place/Dr.+Mahmoud+Nabil+Kamel/data=!4m7!3m6!1s0x14f5dad28f33e327:0xceb2797b15ffa58a!8m2!3d31.2018336!4d29.9029874!16s%2Fg%2F1w0r24s_!19sChIJJ-Mzj9La9RQRiqX_FXt5ss4?authuser=0&hl=en&g_ep=EgoyMDI2MDkwOS4wIJJjKgBIAVAD&rclk=1
Dr. Mohamed Imbabi,عيادة عامة,عيادة طبية,035914963,172 Omar Lotfy,31.218114,29.9319062,https://www.google.com/maps/place/Dr.+Mohamed+Imbabi/data=!4m7!3m6!1s0x14f5c48969a645b9:0x10aede2740a31763!8m2!3d31.218114!4d29.9319062!16s%2Fg%2F1tdr5jqp!19sChIJuUWmaYnE9RQRYxejQCferhA?authuser=0&hl=en&g_ep=EgoyMDI2MDkwOS4wIJJjKgBIAVAD&rclk=1
Dr. Mohamed Rafat Nasar,عيادة عامة,عيادة طبية,01001382272,"19 العواملي متفرع من شارع رضوان, Al Hanouvel",31.1033582,29.7718375,https://www.google.com/maps/place/Dr.+Mohamed+Rafat+Nasar/data=!4m7!3m6!1s0x14f594c6aa208c13:0x5a8f8b3dba738b9c!8m2!3d31.1033582!4d29.7718375!16s%2Fg%2F1tl5_dpm!19sChIJE4wgqsaU9RQRnItzuj2Lj1o?authuser=0&hl=en&g_ep=EgoyMDI2MDkwOS4wIJJjKgBIAVAD&rclk=1
Dr. Mohamed Shaban El Rafai Ghalwash,عيادة عامة,عيادة طبية,01001565924,4Q4J+JR4، طريق اسكندرية مطروح الصحراوى,31.1065161,29.7820676,https://www.google.com/maps/place/Dr.+Mohamed+Shaban+El+Rafai+Ghalwash/data=!4m7!3m6!1s0x14f594d1e4107071:0x7ea0f65c7b39f149!8m2!3d31.1065161!4d29.7820676!16s%2Fg%2F11b5pm7mnq!19sChIJcXAQ5NGU9RQRSfE5e1z2oH4?authuser=0&hl=en&g_ep=EgoyMDI2MDkwOS4wIJJjKgBIAVAD&rclk=1
Dr. Saad Gad El Rab,عيادة عامة,عيادة طبية,,191 Gamal Abd El-Nasir Rd,31.1979581,29.9323333,https://www.google.com/maps/place/Dr.+Saad+Gad+El+Rab/data=!4m7!3m6!1s0x14f5c3794b1ed7ad:0x786a53c8393f459a!8m2!3d31.1979581!4d29.9323333!16s%2Fg%2F1vl5d3gh!19sChIJrdceS3nD9RQRmkU_OchTang?authuser=0&hl=en&g_ep=EgoyMDI2MDkwOS4wIJJjKgBIAVAD&rclk=1
Dr. Sami Abdel Hamid Abou Zeid,عيادة عامة,عيادة طبية,034869223,59 Saad Zaghloul,31.200469,29.900491,https://www.google.com/maps/place/Dr.+Sami+Abdel+Hamid+Abou+Zeid/data=!4m7!3m6!1s0x14f5dad28f33e327:0xe1e9f592c08f07e2!8m2!3d31.200469!4d29.900491!16s%2Fg%2F1tr6ck8d!19sChIJJ-Mzj9La9RQR4gePwJL16eE?authuser=0&hl=en&g_ep=EgoyMDI2MDkwOS4wIJJjKgBIAVAD&rclk=1
Dr. Shaden Gaber,عيادة عامة,طبيب,01227191346,"El Ahlam, 44 Khoufo",31.1803628,29.8975288,https://www.google.com/maps/place/Dr.+Shaden+Gaber/data=!4m7!3m6!1s0x14f5c31a6879107b:0x12b487dde2117e61!8m2!3d31.1803628!4d29.8975288!16s%2Fg%2F11hyd56b14!19sChIJexB5aBrD9RQRYX4R4t2HtBI?authuser=0&hl=en&g_ep=EgoyMDI2MDkwOS4wIJJjKgBIAVAD&rclk=1
Dr. Wagdy Nader Clinic,عيادة عامة,عيادة متخصصة,034845888,"6W23+F5G, Kolayet Al Teb",31.2011949,29.9029472,https://www.google.com/maps/place/Dr.+Wagdy+Nader+Clinic/data=!4m7!3m6!1s0x14f5c3f299d77535:0x74a617ca51b8ad1b!8m2!3d31.2011949!4d29.9029472!16s%2Fg%2F11f30mf182!19sChIJNXXXmfLD9RQRG624UcoXpnQ?authuser=0&hl=en&g_ep=EgoyMDI2MDkwOS4wIJJjKgBIAVAD&rclk=1
Dr. ahmed fathy,عيادة عامة,طبيب,01280030029,3QQ2+7VX,31.088238,29.7522456,https://www.google.com/maps/place/Dr.+ahmed+fathy/data=!4m7!3m6!1s0x14f595b9a5f73ee7:0x3d74fb41204fb62a!8m2!3d31.088238!4d29.7522456!16s%2Fg%2F11h6tnwy31!19sChIJ5z73pbmV9RQRKrZPIEH7dD0?authuser=0&hl=en&g_ep=EgoyMDI2MDkwOS4wIJJjKgBIAVAD&rclk=1
Dr.Ahmed Fathalla - د.أحمد فتح الله 409 followers • 3 following,عيادة عامة,عيادة طبية,01202877220,عمارة بانسيه – الدور الأول، عمارات أزهار السرايا أمام، 74 شارع فوزي معاذ، جامع علي ابن أبي طالب,31.2122919,29.9392017,https://www.google.com/maps/place/Dr.Ahmed+Fathalla+-+%D8%AF.%D8%A3%D8%AD%D9%85%D8%AF+%D9%81%D8%AA%D8%AD+%D8%A7%D9%84%D9%84%D9%87+409+followers+%E2%80%A2+3+following%E2%80%AD/data=!4m7!3m6!1s0x14f5c55ebe82d129:0xb4dc7145538d1565!8m2!3d31.2122919!4d29.9392017!16s%2Fg%2F11myj31g31!19sChIJKdGCvl7F9RQRZRWNU0Vx3LQ?authuser=0&hl=en&g_ep=EgoyMDI2MDkwOS4wIJJjKgBIAVAD&rclk=1
Dr/Enaam fekry,عيادة عامة,طبيب,01273362255,Alex - Cairo,31.0881731,29.7527467,https://www.google.com/maps/place/Dr%2FEnaam+fekry/data=!4m7!3m6!1s0x14f595ae3173b17b:0x10763f0a36984025!8m2!3d31.0881731!4d29.7527467!16s%2Fg%2F11h84jnl7m!19sChIJe7FzMa6V9RQRJUCYNgo_dhA?authuser=0&hl=en&g_ep=EgoyMDI2MDkwOS4wIJJjKgBIAVAD&rclk=1
New Alamein Clinic,عيادة عامة,عيادة طبية,01556414644,Alexandria - Marsa Matrouh Rd,30.8402281,28.9496175,https://www.google.com/maps/place/New+Alamein+Clinic/data=!4m7!3m6!1s0x145fefeb6c33dab7:0x9ce583e61c669e0b!8m2!3d30.8402281!4d28.9496175!16s%2Fg%2F11t_gzszq_!19sChIJt9ozbOvvXxQRC55mHOaD5Zw?authuser=0&hl=en&g_ep=EgoyMDI2MDkwOS4wIJJjKgBIAVAD&rclk=1
Prime Clinics Telal,عيادة عامة,عيادة طبية,01019505555,"الساحل الشمالى, سيدى عبد الرحمن",31.0094184,28.6062793,https://www.google.com/maps/place/Prime+Clinics+Telal/data=!4m7!3m6!1s0x146006c12046eadd:0xee6a3bf6ae03eca1!8m2!3d31.0094184!4d28.6062793!16s%2Fg%2F11cn6hn2d7!19sChIJ3epGIMEGYBQRoewDrvY7au4?authuser=0&hl=en&g_ep=EgoyMDI2MDkwOS4wIJJjKgBIAVAD&rclk=1
Prof. Dr. Carmen Mohamed Farid اد كارمن محمد فريد,عيادة عامة,طبيب,01223508095,169 Port Said St,31.2179941,29.9292066,https://www.google.com/maps/place/Prof.+Dr.+Carmen+Mohamed+Farid+%D8%A7%D8%AF+%D9%83%D8%A7%D8%B1%D9%85%D9%86+%D9%85%D8%AD%D9%85%D8%AF+%D9%81%D8%B1%D9%8A%D8%AF%E2%80%AD/data=!4m7!3m6!1s0x14f5c489c736300b:0x3ebf66782d227d27!8m2!3d31.2179941!4d29.9292066!16s%2Fg%2F1tdv9yky!19sChIJCzA2x4nE9RQRJ30iLXhmvz4?authuser=0&hl=en&g_ep=EgoyMDI2MDkwOS4wIJJjKgBIAVAD&rclk=1
Pure Derma & Laser Clinic,عيادة عامة,طبيب,01222121303,أمام سنترال We، الشيخ عمارة Alex Tower,31.222528,29.9403746,https://www.google.com/maps/place/Pure+Derma+%26+Laser+Clinic/data=!4m7!3m6!1s0x14f5c5ed508d103b:0x4e7aca852359c39!8m2!3d31.222528!4d29.9403746!16s%2Fg%2F11j4scbbh1!19sChIJOxCNUO3F9RQROZw1Uqis5wQ?authuser=0&hl=en&g_ep=EgoyMDI2MDkwOS4wIJJjKgBIAVAD&rclk=1
Royal clinics العيادات الملكية,عيادة عامة,عيادة طبية,01276742216,Elhanovel Road,31.1028615,29.7674131,https://www.google.com/maps/place/Royal+clinics+%D8%A7%D9%84%D8%B9%D9%8A%D8%A7%D8%AF%D8%A7%D8%AA+%D8%A7%D9%84%D9%85%D9%84%D9%83%D9%8A%D8%A9%E2%80%AD/data=!4m7!3m6!1s0x14f594c1beed5083:0xd787c3e31c4be44c!8m2!3d31.1028615!4d29.7674131!16s%2Fg%2F11gg6d4w8p!19sChIJg1DtvsGU9RQRTORLHOPDh9c?authuser=0&hl=en&g_ep=EgoyMDI2MDkwOS4wIJJjKgBIAVAD&rclk=1
Tarek El Ghamrawy,عيادة عامة,طبيب,,5V79+RJQ,31.1645928,29.8691137,https://www.google.com/maps/place/Tarek+El+Ghamrawy/data=!4m7!3m6!1s0x14f5c191ca6ba215:0x9279887f5a1f9fd1!8m2!3d31.1645928!4d29.8691137!16s%2Fg%2F1ttl0tj4!19sChIJFaJrypHB9RQR0Z8fWn-IeZI?authuser=0&hl=en&g_ep=EgoyMDI2MDkwOS4wIJJjKgBIAVAD&rclk=1
The Clinic,عيادة عامة,عيادة طبية,01010188746,XPCQ+47Q,30.9705593,28.7383922,https://www.google.com/maps/place/The+Clinic/data=!4m7!3m6!1s0x145ffd00129932e9:0xbf51eed6da0eb39f!8m2!3d30.9705593!4d28.7383922!16s%2Fg%2F11zgrk_qf5!19sChIJ6TKZEgD9XxQRn7MO2tbuUb8?authuser=0&hl=en&g_ep=EgoyMDI2MDkwOS4wIJJjKgBIAVAD&rclk=1
Vascuderm Clinic,عيادة عامة,مركز طبي,01274000548,2 Mohammed Fawzi Moaz,31.2097064,29.9354001,https://www.google.com/maps/place/Vascuderm+Clinic/data=!4m7!3m6!1s0x14f5c57ba639655b:0x8fd59bcc9984a0f6!8m2!3d31.2097064!4d29.9354001!16s%2Fg%2F11h91d8sst!19sChIJW2U5pnvF9RQR9qCEmcyb1Y8?authuser=0&hl=en&g_ep=EgoyMDI2MDkwOS4wIJJjKgBIAVAD&rclk=1
Vitals clinic,عيادة عامة,عيادة طبية,01112026222,39GH+H27,31.0764011,28.3784704,https://www.google.com/maps/place/Vitals+clinic/data=!4m7!3m6!1s0x1460190019b3d2d9:0x2c8c2388a1b0b18!8m2!3d31.0764011!4d28.3784704!16s%2Fg%2F11z8f_9g3n!19sChIJ2dKzGQAZYBQRGAsbijjCyAI?authuser=0&hl=en&g_ep=EgoyMDI2MDkwOS4wIJJjKgBIAVAD&rclk=1
الدكتور الاستاذ /محمد مصطفى فهمى,عيادة عامة,طبيب,034353023,9 El-Taqwa Mosque,31.1046784,29.7645573,https://www.google.com/maps/place/%D8%A7%D9%84%D8%AF%D9%83%D8%AA%D9%88%D8%B1+%D8%A7%D9%84%D8%A7%D8%B3%D8%AA%D8%A7%D8%B0+%2F%D9%85%D8%AD%D9%85%D8%AF+%D9%85%D8%B5%D8%B7%D9%81%D9%89+%D9%81%D9%87%D9%85%D9%89%E2%80%AD/data=!4m7!3m6!1s0x14f594ea0301a791:0xe83fe106355b5c2d!8m2!3d31.1046784!4d29.7645573!16s%2Fg%2F1vc8lpqz!19sChIJkacBA-qU9RQRLVxbNQbhP-g?authuser=0&hl=en&g_ep=EgoyMDI2MDkwOS4wIJJjKgBIAVAD&rclk=1
الدكتور محمد كمال الفقى,عيادة عامة,طبيب,,1 El-Zobeir Ibn El-Awam,31.1021677,29.7752374,https://www.google.com/maps/place/%D8%A7%D9%84%D8%AF%D9%83%D8%AA%D9%88%D8%B1+%D9%85%D8%AD%D9%85%D8%AF+%D9%83%D9%85%D8%A7%D9%84+%D8%A7%D9%84%D9%81%D9%82%D9%89%E2%80%AD/data=!4m7!3m6!1s0x14f594c66fa09567:0x92dbe9bd005fd6c5!8m2!3d31.1021677!4d29.7752374!16s%2Fg%2F1tqks1j1!19sChIJZ5Wgb8aU9RQRxdZfAL3p25I?authuser=0&hl=en&g_ep=EgoyMDI2MDkwOS4wIJJjKgBIAVAD&rclk=1
الدكتورة نور الهدي,عيادة عامة,طبيب,,"3PWX+XQ6, Abou Youssef",31.0974165,29.7493804,https://www.google.com/maps/place/%D8%A7%D9%84%D8%AF%D9%83%D8%AA%D9%88%D8%B1%D8%A9+%D9%86%D9%88%D8%B1+%D8%A7%D9%84%D9%87%D8%AF%D9%8A%E2%80%AD/data=!4m7!3m6!1s0x14f5957e70838925:0xca96216e93d7fdd7!8m2!3d31.0974165!4d29.7493804!16s%2Fg%2F11fjbl4wsy!19sChIJJYmDcH6V9RQR1_3Xk24hlso?authuser=0&hl=en&g_ep=EgoyMDI2MDkwOS4wIJJjKgBIAVAD&rclk=1
الدكتوره ندي جمال القاضي,عيادة عامة,طبيب,,"3PJQ+67Q, Alexandria - Marsa Matrouh Rd",31.0805757,29.7381985,https://www.google.com/maps/place/%D8%A7%D9%84%D8%AF%D9%83%D8%AA%D9%88%D8%B1%D9%87+%D9%86%D8%AF%D9%8A+%D8%AC%D9%85%D8%A7%D9%84+%D8%A7%D9%84%D9%82%D8%A7%D8%B6%D9%8A%E2%80%AD/data=!4m7!3m6!1s0x14f593007e3a999b:0xf73f5606ab935daa!8m2!3d31.0805757!4d29.7381985!16s%2Fg%2F11w7h6zl7g!19sChIJm5k6fgCT9RQRql2TqwZWP_c?authuser=0&hl=en&g_ep=EgoyMDI2MDkwOS4wIJJjKgBIAVAD&rclk=1
الشيماء دكتور عصام محمود,عيادة عامة,عيادة طبية,033181794,3PHP+VPM، مدخل اكتوبر,31.0797068,29.7368096,https://www.google.com/maps/place/%D8%A7%D9%84%D8%B4%D9%8A%D9%85%D8%A7%D8%A1+%D8%AF%D9%83%D8%AA%D9%88%D8%B1+%D8%B9%D8%B5%D8%A7%D9%85+%D9%85%D8%AD%D9%85%D9%88%D8%AF%E2%80%AD/data=!4m7!3m6!1s0x14f5938475557441:0x5ba4b2ecfa0877b8!8m2!3d31.0797068!4d29.7368096!16s%2Fg%2F11fk9bzvm3!19sChIJQXRVdYST9RQRuHcI-uyypFs?authuser=0&hl=en&g_ep=EgoyMDI2MDkwOS4wIJJjKgBIAVAD&rclk=1
دكتور أحمد السعدنى,عيادة عامة,أخصائي الطب الجنسي,034441261,٢٦ شارع الورديان الصنيه متفرع من شارع,31.1640564,29.8660651,https://www.google.com/maps/place/%D8%AF%D9%83%D8%AA%D9%88%D8%B1+%D8%A3%D8%AD%D9%85%D8%AF+%D8%A7%D9%84%D8%B3%D8%B9%D8%AF%D9%86%D9%89%E2%80%AD/data=!4m7!3m6!1s0x14f5c1916cf2dac7:0xf884dd05d6476e77!8m2!3d31.1640564!4d29.8660651!16s%2Fg%2F11h3yzmtlj!19sChIJx9rybJHB9RQRd25H1gXdhPg?authuser=0&hl=en&g_ep=EgoyMDI2MDkwOS4wIJJjKgBIAVAD&rclk=1
دكتور إبراهيم عبد القادر,عيادة عامة,جرَّاح,01012070122,"4Q4J+FRW، أمام كافية أثينا،, Alex - Marsa Matrouh",31.106226,29.7820896,https://www.google.com/maps/place/%D8%AF%D9%83%D8%AA%D9%88%D8%B1+%D8%A5%D8%A8%D8%B1%D8%A7%D9%87%D9%8A%D9%85+%D8%B9%D8%A8%D8%AF+%D8%A7%D9%84%D9%82%D8%A7%D8%AF%D8%B1%E2%80%AD/data=!4m7!3m6!1s0x14f594d1e3d3f769:0x2a0ee8d74bd76e4e!8m2!3d31.106226!4d29.7820896!16s%2Fg%2F11h6glpy3l!19sChIJaffT49GU9RQRTm7XS9foDio?authuser=0&hl=en&g_ep=EgoyMDI2MDkwOS4wIJJjKgBIAVAD&rclk=1
دكتور ابراهيم خليل,عيادة عامة,طبيب,,200 Abou Quer,31.2087547,29.9301797,https://www.google.com/maps/place/%D8%AF%D9%83%D8%AA%D9%88%D8%B1+%D8%A7%D8%A8%D8%B1%D8%A7%D9%87%D9%8A%D9%85+%D8%AE%D9%84%D9%8A%D9%84%E2%80%AD/data=!4m7!3m6!1s0x14f5c5003c482755:0xa942b2c8b341933a!8m2!3d31.2087547!4d29.9301797!16s%2Fg%2F11ynx90g2q!19sChIJVSdIPADF9RQROpNBs8iyQqk?authuser=0&hl=en&g_ep=EgoyMDI2MDkwOS4wIJJjKgBIAVAD&rclk=1
دكتور اشرف يحيه,عيادة عامة,سكن مع عائلة,,"3PWX+XQ6, Abou Youssef",31.0974166,29.7493804,https://www.google.com/maps/place/%D8%AF%D9%83%D8%AA%D9%88%D8%B1+%D8%A7%D8%B4%D8%B1%D9%81+%D9%8A%D8%AD%D9%8A%D9%87%E2%80%AD/data=!4m7!3m6!1s0x14f595003a0b6c5b:0x34b907d66c65d7de!8m2!3d31.0974166!4d29.7493804!16s%2Fg%2F11y5_k_ssf!19sChIJW2wLOgCV9RQR3tdlbNYHuTQ?authuser=0&hl=en&g_ep=EgoyMDI2MDkwOS4wIJJjKgBIAVAD&rclk=1
دكتور الهجيني,عيادة عامة,عيادة طبية,,3QX8+HM9 بجوار إطارات جاد، الدرايسة,31.0989046,29.7667453,https://www.google.com/maps/place/%D8%AF%D9%83%D8%AA%D9%88%D8%B1+%D8%A7%D9%84%D9%87%D8%AC%D9%8A%D9%86%D9%8A%E2%80%AD/data=!4m7!3m6!1s0x14f59500180bbdaf:0x20ce50740c7743a5!8m2!3d31.0989046!4d29.7667453!16s%2Fg%2F11wmy9xbjn!19sChIJr70LGACV9RQRpUN3DHRQziA?authuser=0&hl=en&g_ep=EgoyMDI2MDkwOS4wIJJjKgBIAVAD&rclk=1
دكتور علاء عيسى,عيادة عامة,طبيب,,6W8G+QV8,31.2169024,29.9271974,https://www.google.com/maps/place/%D8%AF%D9%83%D8%AA%D9%88%D8%B1+%D8%B9%D9%84%D8%A7%D8%A1+%D8%B9%D9%8A%D8%B3%D9%89%E2%80%AD/data=!4m7!3m6!1s0x14f5c5000c5103f9:0xe7af130e27507dcd!8m2!3d31.2169024!4d29.9271974!16s%2Fg%2F11npkn675d!19sChIJ-QNRDADF9RQRzX1QJw4Tr-c?authuser=0&hl=en&g_ep=EgoyMDI2MDkwOS4wIJJjKgBIAVAD&rclk=1
دكتور عمرو القبرصي ( جراحة ),عيادة عامة,جرَّاح,,Alexandria - Marsa Matrouh Rd,31.105009,29.7803086,https://www.google.com/maps/place/%D8%AF%D9%83%D8%AA%D9%88%D8%B1+%D8%B9%D9%85%D8%B1%D9%88+%D8%A7%D9%84%D9%82%D8%A8%D8%B1%D8%B5%D9%8A+%28+%D8%AC%D8%B1%D8%A7%D8%AD%D8%A9+%29%E2%80%AD/data=!4m7!3m6!1s0x14f595054885f4ff:0xf4d7c3a310cbba55!8m2!3d31.105009!4d29.7803086!16s%2Fg%2F11mvtwqb18!19sChIJ__SFSAWV9RQRVbrLEKPD1_Q?authuser=0&hl=en&g_ep=EgoyMDI2MDkwOS4wIJJjKgBIAVAD&rclk=1
دكتور عمرو الكمشوشى,عيادة عامة,طبيب,035232074,9 دمياط، فلمنج، قسم الرمل، الإسكندرية، اسكندرية 9، 9 Damietta,31.2308347,29.9529814,https://www.google.com/maps/place/%D8%AF%D9%83%D8%AA%D9%88%D8%B1+%D8%B9%D9%85%D8%B1%D9%88+%D8%A7%D9%84%D9%83%D9%85%D8%B4%D9%88%D8%B4%D9%89%E2%80%AD/data=!4m7!3m6!1s0x14f5c542022579eb:0xca089aa5b28a4898!8m2!3d31.2308347!4d29.9529814!16s%2Fg%2F11hzh1z1sh!19sChIJ63klAkLF9RQRmEiKsqWaCMo?authuser=0&hl=en&g_ep=EgoyMDI2MDkwOS4wIJJjKgBIAVAD&rclk=1
دكتور عمرو حسن عافية,عيادة عامة,عيادة طبية,033922662,5WR7+MJ4,31.1916279,29.9140812,https://www.google.com/maps/place/%D8%AF%D9%83%D8%AA%D9%88%D8%B1+%D8%B9%D9%85%D8%B1%D9%88+%D8%AD%D8%B3%D9%86+%D8%B9%D8%A7%D9%81%D9%8A%D8%A9%E2%80%AD/data=!4m7!3m6!1s0x14f5c397252fb99b:0x87c8fcf402cc045d!8m2!3d31.1916279!4d29.9140812!16s%2Fg%2F1tdhws0n!19sChIJm7kvJZfD9RQRXQTMAvT8yIc?authuser=0&hl=en&g_ep=EgoyMDI2MDkwOS4wIJJjKgBIAVAD&rclk=1
دكتور ماهر حلمى جيد,عيادة عامة,مستشار,01222862148,"5WW4+FC8 شارع عزبة, Ismail Mahana",31.1927086,29.9096953,https://www.google.com/maps/place/%D8%AF%D9%83%D8%AA%D9%88%D8%B1+%D9%85%D8%A7%D9%87%D8%B1+%D8%AD%D9%84%D9%85%D9%89+%D8%AC%D9%8A%D8%AF%E2%80%AD/data=!4m7!3m6!1s0x14f5c3933d7abd67:0x250780295fdafaad!8m2!3d31.1927086!4d29.9096953!16s%2Fg%2F11h0h_m7vr!19sChIJZ716PZPD9RQRrfraXymAByU?authuser=0&hl=en&g_ep=EgoyMDI2MDkwOS4wIJJjKgBIAVAD&rclk=1
دكتور مجدى ابو اليمين,عيادة عامة,عيادة طب الأنف والأذن والحنجرة,01224886552,طريق اسكندرية مطروح مقابل، نقطة فوزى معاذ,31.0967821,29.7687901,https://www.google.com/maps/place/%D8%AF%D9%83%D8%AA%D9%88%D8%B1+%D9%85%D8%AC%D8%AF%D9%89+%D8%A7%D8%A8%D9%88+%D8%A7%D9%84%D9%8A%D9%85%D9%8A%D9%86%E2%80%AD/data=!4m7!3m6!1s0x14f594bf07261ef3:0x15c5b6288867932a!8m2!3d31.0967821!4d29.7687901!16s%2Fg%2F11h0w34hq6!19sChIJ8x4mB7-U9RQRKpNniCi2xRU?authuser=0&hl=en&g_ep=EgoyMDI2MDkwOS4wIJJjKgBIAVAD&rclk=1
دكتور محمد فتحي فرغلي,عيادة عامة,طبيب,01220066972,"١٧.٥ طريق اسكندرية مطروح, Abou Youssef",31.0913418,29.7579889,https://www.google.com/maps/place/%D8%AF%D9%83%D8%AA%D9%88%D8%B1+%D9%85%D8%AD%D9%85%D8%AF+%D9%81%D8%AA%D8%AD%D9%8A+%D9%81%D8%B1%D8%BA%D9%84%D9%8A%E2%80%AD/data=!4m7!3m6!1s0x14f59500633a9f47:0x37353a3d10111fe9!8m2!3d31.0913418!4d29.7579889!16s%2Fg%2F11yjghfnzn!19sChIJR586YwCV9RQR6R8RED06NTc?authuser=0&hl=en&g_ep=EgoyMDI2MDkwOS4wIJJjKgBIAVAD&rclk=1
دكتور محمد مجدى,عيادة عامة,طبيب,01030802170,3QXC+485، طريق اسكندرية مطروح،,31.0977548,29.7708591,https://www.google.com/maps/place/%D8%AF%D9%83%D8%AA%D9%88%D8%B1+%D9%85%D8%AD%D9%85%D8%AF+%D9%85%D8%AC%D8%AF%D9%89%E2%80%AD/data=!4m7!3m6!1s0x14f594bf4ff39c0d:0x22390214c0a6f78c!8m2!3d31.0977548!4d29.7708591!16s%2Fg%2F11h10bh9zx!19sChIJDZzzT7-U9RQRjPemwBQCOSI?authuser=0&hl=en&g_ep=EgoyMDI2MDkwOS4wIJJjKgBIAVAD&rclk=1
دكتور محمد محمود,عيادة عامة,جرَّاح,01001455530,14 شارع الهانوفيل الرئيسي بجوار مدرسة الهانوفيل الخاصة (الضوي,31.1005888,29.7694303,https://www.google.com/maps/place/%D8%AF%D9%83%D8%AA%D9%88%D8%B1+%D9%85%D8%AD%D9%85%D8%AF+%D9%85%D8%AD%D9%85%D9%88%D8%AF%E2%80%AD/data=!4m7!3m6!1s0x14f594c1a43fcca7:0xb7e474811c24955d!8m2!3d31.1005888!4d29.7694303!16s%2Fg%2F11h10_q50w!19sChIJp8w_pMGU9RQRXZUkHIF05Lc?authuser=0&hl=en&g_ep=EgoyMDI2MDkwOS4wIJJjKgBIAVAD&rclk=1
دكتور محمد ناجي,عيادة عامة,جرَّاح,,3 El-Hag Eid Khair Allah No. 1,31.0984474,29.7715539,https://www.google.com/maps/place/%D8%AF%D9%83%D8%AA%D9%88%D8%B1+%D9%85%D8%AD%D9%85%D8%AF+%D9%86%D8%A7%D8%AC%D9%8A%E2%80%AD/data=!4m7!3m6!1s0x14f594bf5589eb0d:0x8b70f6ece0fdcb92!8m2!3d31.0984474!4d29.7715539!16s%2Fg%2F1tg_1bbz!19sChIJDeuJVb-U9RQRksv94Oz2cIs?authuser=0&hl=en&g_ep=EgoyMDI2MDkwOS4wIJJjKgBIAVAD&rclk=1
دكتور ممدوح كمال عبد المعطى,عيادة عامة,جرَّاح,01005603381,"امام البنك،, Al Bitash",31.1155842,29.7939535,https://www.google.com/maps/place/%D8%AF%D9%83%D8%AA%D9%88%D8%B1+%D9%85%D9%85%D8%AF%D9%88%D8%AD+%D9%83%D9%85%D8%A7%D9%84+%D8%B9%D8%A8%D8%AF+%D8%A7%D9%84%D9%85%D8%B9%D8%B7%D9%89%E2%80%AD/data=!4m7!3m6!1s0x14f5ead5cfd2f081:0xd1c926aaabc44dcd!8m2!3d31.1155842!4d29.7939535!16s%2Fg%2F11fl7byzv6!19sChIJgfDSz9Xq9RQRzU3Eq6omydE?authuser=0&hl=en&g_ep=EgoyMDI2MDkwOS4wIJJjKgBIAVAD&rclk=1
دكتور هانى شكرى,عيادة عامة,طبيب,,٢٦ الغرفة التجارية، ميدان محطة الرمل، المسلة شرق، قسم العطارين، الإسكندرية،,31.2029259,29.9030832,https://www.google.com/maps/place/%D8%AF%D9%83%D8%AA%D9%88%D8%B1+%D9%87%D8%A7%D9%86%D9%89+%D8%B4%D9%83%D8%B1%D9%89%E2%80%AD/data=!4m7!3m6!1s0x14f5c39a14970a57:0x14888b9d5d0caed6!8m2!3d31.2029259!4d29.9030832!16s%2Fg%2F11h2fvqbbq!19sChIJVwqXFJrD9RQR1q4MXZ2LiBQ?authuser=0&hl=en&g_ep=EgoyMDI2MDkwOS4wIJJjKgBIAVAD&rclk=1
دكتور هشام أبو زيد,عيادة عامة,طبيب,,9 Emtedad Mohammed Moussa,31.1008001,29.7698827,https://www.google.com/maps/place/%D8%AF%D9%83%D8%AA%D9%88%D8%B1+%D9%87%D8%B4%D8%A7%D9%85+%D8%A3%D8%A8%D9%88+%D8%B2%D9%8A%D8%AF%E2%80%AD/data=!4m7!3m6!1s0x14f594c0e60a8255:0x8ac24427bfe5547!8m2!3d31.1008001!4d29.7698827!16s%2Fg%2F1thlwt0c!19sChIJVYIK5sCU9RQRR1X-e0IkrAg?authuser=0&hl=en&g_ep=EgoyMDI2MDkwOS4wIJJjKgBIAVAD&rclk=1
دكتور/ ميلاد لطفى,عيادة عامة,جرَّاح,01203001317,"3PJP+3M5، مدخل اكتوبر،, Alex - Cairo",31.0801253,29.7367242,https://www.google.com/maps/place/%D8%AF%D9%83%D8%AA%D9%88%D8%B1%2F+%D9%85%D9%8A%D9%84%D8%A7%D8%AF+%D9%84%D8%B7%D9%81%D9%89%E2%80%AD/data=!4m7!3m6!1s0x14f59383ff488001:0x66c267595e76f9f9!8m2!3d31.0801253!4d29.7367242!16s%2Fg%2F11fk54l2wf!19sChIJAYBI_4OT9RQR-fl2XllnwmY?authuser=0&hl=en&g_ep=EgoyMDI2MDkwOS4wIJJjKgBIAVAD&rclk=1
دكتورة راندا صابر محمد,عيادة عامة,طبيب,01283265263,ك١٩ طريق اسكندرية مطروح ابويوسف العجمي,31.0835409,29.7425961,https://www.google.com/maps/place/%D8%AF%D9%83%D8%AA%D9%88%D8%B1%D8%A9+%D8%B1%D8%A7%D9%86%D8%AF%D8%A7+%D8%B5%D8%A7%D8%A8%D8%B1+%D9%85%D8%AD%D9%85%D8%AF%E2%80%AD/data=!4m7!3m6!1s0x14f5937ff55e6629:0xcaf91738b792aadf!8m2!3d31.0835409!4d29.7425961!16s%2Fg%2F11h1lb6428!19sChIJKWZe9X-T9RQR36qStzgX-co?authuser=0&hl=en&g_ep=EgoyMDI2MDkwOS4wIJJjKgBIAVAD&rclk=1
دكتورمجدى رجب,عيادة عامة,طبيب,034842069,"٢ شارع أمين فكري, Mahta Al Raml Sq.",31.200803,29.9019426,https://www.google.com/maps/place/%D8%AF%D9%83%D8%AA%D9%88%D8%B1%D9%85%D8%AC%D8%AF%D9%89+%D8%B1%D8%AC%D8%A8%E2%80%AD/data=!4m7!3m6!1s0x14f5c3f2811870ad:0x325f28606af9d2c3!8m2!3d31.200803!4d29.9019426!16s%2Fg%2F11h12xfdpb!19sChIJrXAYgfLD9RQRw9L5amAoXzI?authuser=0&hl=en&g_ep=EgoyMDI2MDkwOS4wIJJjKgBIAVAD&rclk=1
عيادات أجياد مكة التخصصية,عيادة عامة,عيادة طبية,01287179783,Al Hanouvel,31.1053593,29.7650704,https://www.google.com/maps/place/%D8%B9%D9%8A%D8%A7%D8%AF%D8%A7%D8%AA+%D8%A3%D8%AC%D9%8A%D8%A7%D8%AF+%D9%85%D9%83%D8%A9+%D8%A7%D9%84%D8%AA%D8%AE%D8%B5%D8%B5%D9%8A%D8%A9%E2%80%AD/data=!4m7!3m6!1s0x14f5951cf13a1c19:0xf571e14f299e14f!8m2!3d31.1053593!4d29.7650704!16s%2Fg%2F11x7s8h4yt!19sChIJGRw68RyV9RQRT-GZ8hQeVw8?authuser=0&hl=en&g_ep=EgoyMDI2MDkwOS4wIJJjKgBIAVAD&rclk=1
عيادات أمواج التخصصية,عيادة عامة,مركز طبي,01050999749,https://maps.app.goo.gl/dKwY81rzia8m3jcT6,30.9737563,28.7309234,https://www.google.com/maps/place/%D8%B9%D9%8A%D8%A7%D8%AF%D8%A7%D8%AA+%D8%A3%D9%85%D9%88%D8%A7%D8%AC+%D8%A7%D9%84%D8%AA%D8%AE%D8%B5%D8%B5%D9%8A%D8%A9%E2%80%AD/data=!4m7!3m6!1s0x145ffd42c1131b4f:0x8d4f199c323ad70a!8m2!3d30.9737563!4d28.7309234!16s%2Fg%2F11ys8fc3f1!19sChIJTxsTwUL9XxQRCtc6MpwZT40?authuser=0&hl=en&g_ep=EgoyMDI2MDkwOS4wIJJjKgBIAVAD&rclk=1
عيادات الصفوة التخصصية,عيادة عامة,عيادة طبية,,"2CMW+P3R، Unnamed Road, قسم الضبعة، مطروح،",31.0343522,28.4451263,https://www.google.com/maps/place/%D8%B9%D9%8A%D8%A7%D8%AF%D8%A7%D8%AA+%D8%A7%D9%84%D8%B5%D9%81%D9%88%D8%A9+%D8%A7%D9%84%D8%AA%D8%AE%D8%B5%D8%B5%D9%8A%D8%A9%E2%80%AD/data=!4m7!3m6!1s0x14601b2df1776633:0x918aa7e799bbe0dc!8m2!3d31.0343522!4d28.4451263!16s%2Fg%2F11ll1rcgpv!19sChIJM2Z38S0bYBQR3OC7meenipE?authuser=0&hl=en&g_ep=EgoyMDI2MDkwOS4wIJJjKgBIAVAD&rclk=1
عيادات مبرة الضبعة التخصصية (عيادات طبية),عيادة عامة,عيادة طبية,01283443961,"كافيتيريا مارسيليا خلف موقف الميكروباص, الضبعة شارع",31.0376369,28.4434872,https://www.google.com/maps/place/%D8%B9%D9%8A%D8%A7%D8%AF%D8%A7%D8%AA+%D9%85%D8%A8%D8%B1%D8%A9+%D8%A7%D9%84%D8%B6%D8%A8%D8%B9%D8%A9+%D8%A7%D9%84%D8%AA%D8%AE%D8%B5%D8%B5%D9%8A%D8%A9+%28%D8%B9%D9%8A%D8%A7%D8%AF%D8%A7%D8%AA+%D8%B7%D8%A8%D9%8A%D8%A9%29%E2%80%AD/data=!4m7!3m6!1s0x14601bdbecadaedb:0x14d7182dabf4475e!8m2!3d31.0376369!4d28.4434872!16s%2Fg%2F11yffzbvd3!19sChIJ266t7NsbYBQRXkf0qy0Y1xQ?authuser=0&hl=en&g_ep=EgoyMDI2MDkwOS4wIJJjKgBIAVAD&rclk=1
عيادة الأستاذ الدكتور أحمد محمد عبدالهادى,عيادة عامة,طبيب,01158530548,228 Port Said St,31.2206358,29.9331713,https://www.google.com/maps/place/%D8%B9%D9%8A%D8%A7%D8%AF%D8%A9+%D8%A7%D9%84%D8%A3%D8%B3%D8%AA%D8%A7%D8%B0+%D8%A7%D9%84%D8%AF%D9%83%D8%AA%D9%88%D8%B1+%D8%A3%D8%AD%D9%85%D8%AF+%D9%85%D8%AD%D9%85%D8%AF+%D8%B9%D8%A8%D8%AF%D8%A7%D9%84%D9%87%D8%A7%D8%AF%D9%89%E2%80%AD/data=!4m7!3m6!1s0x14f5c48b85e55d7b:0xa9a644ec461a41b2!8m2!3d31.2206358!4d29.9331713!16s%2Fg%2F11c2pq48wp!19sChIJe13lhYvE9RQRskEaRuxEpqk?authuser=0&hl=en&g_ep=EgoyMDI2MDkwOS4wIJJjKgBIAVAD&rclk=1
عيادة الاستاذ الدكتور هيثم فايد لجراحة الاورام و الثدي,عيادة عامة,جرَّاح,01010076075,"امام مدارس الاورمان الثانوية الفندقية والكمبيوتر, طريق اسكندرية مطروح, Abou Youssef",31.0900195,29.7553022,https://www.google.com/maps/place/%D8%B9%D9%8A%D8%A7%D8%AF%D8%A9+%D8%A7%D9%84%D8%A7%D8%B3%D8%AA%D8%A7%D8%B0+%D8%A7%D9%84%D8%AF%D9%83%D8%AA%D9%88%D8%B1+%D9%87%D9%8A%D8%AB%D9%85+%D9%81%D8%A7%D9%8A%D8%AF+%D9%84%D8%AC%D8%B1%D8%A7%D8%AD%D8%A9+%D8%A7%D9%84%D8%A7%D9%88%D8%B1%D8%A7%D9%85+%D9%88+%D8%A7%D9%84%D8%AB%D8%AF%D9%8A%E2%80%AD/data=!4m7!3m6!1s0x14f5949ad3faaaa9:0xd1858b41ed630bdf!8m2!3d31.0900195!4d29.7553022!16s%2Fg%2F11dxqj_5r0!19sChIJqar605qU9RQR3wtj7UGLhdE?authuser=0&hl=en&g_ep=EgoyMDI2MDkwOS4wIJJjKgBIAVAD&rclk=1
عيادة الدكتور عمرو الكمشوشي Dr.Amr ElKamshoushy Clinic,عيادة عامة,طبيب,035232074,"13 Domiat St, Roushdy",31.2309912,29.9528459,https://www.google.com/maps/place/%D8%B9%D9%8A%D8%A7%D8%AF%D8%A9+%D8%A7%D9%84%D8%AF%D9%83%D8%AA%D9%88%D8%B1+%D8%B9%D9%85%D8%B1%D9%88+%D8%A7%D9%84%D9%83%D9%85%D8%B4%D9%88%D8%B4%D9%8A+Dr.Amr+ElKamshoushy+Clinic%E2%80%AD/data=!4m7!3m6!1s0x14f5c4dd110d62cf:0xc77e696c5b5cbf1b!8m2!3d31.2309912!4d29.9528459!16s%2Fg%2F11fx8x1pq9!19sChIJz2INEd3E9RQRG79cW2xpfsc?authuser=0&hl=en&g_ep=EgoyMDI2MDkwOS4wIJJjKgBIAVAD&rclk=1
عيادة د احمد محمود ابوجبل,عيادة عامة,عيادة طبية,01125776772,شارع ابو يوسف اول شارع التأمين اعلي فرع فودافون,31.0814333,29.7394725,https://www.google.com/maps/place/%D8%B9%D9%8A%D8%A7%D8%AF%D8%A9+%D8%AF+%D8%A7%D8%AD%D9%85%D8%AF+%D9%85%D8%AD%D9%85%D9%88%D8%AF+%D8%A7%D8%A8%D9%88%D8%AC%D8%A8%D9%84%E2%80%AD/data=!4m7!3m6!1s0x14f593f4fcfdf247:0x93239b9c32d319ce!8m2!3d31.0814333!4d29.7394725!16s%2Fg%2F11zh8plmhh!19sChIJR_L9_PST9RQRzhnTMpybI5M?authuser=0&hl=en&g_ep=EgoyMDI2MDkwOS4wIJJjKgBIAVAD&rclk=1
عيادة د. سعيد عامر,عيادة عامة,عيادة طبية,01280169858,طريق اسكندرية مطروح مقابل نقطة، محمد فوزى معاذ,31.0969196,29.7680776,https://www.google.com/maps/place/%D8%B9%D9%8A%D8%A7%D8%AF%D8%A9+%D8%AF.+%D8%B3%D8%B9%D9%8A%D8%AF+%D8%B9%D8%A7%D9%85%D8%B1%E2%80%AD/data=!4m7!3m6!1s0x14f594bfae79f5d7:0x59a63a1e5bbe29fe!8m2!3d31.0969196!4d29.7680776!16s%2Fg%2F11h6flfz0r!19sChIJ1_V5rr-U9RQR_im-Wx46plk?authuser=0&hl=en&g_ep=EgoyMDI2MDkwOS4wIJJjKgBIAVAD&rclk=1
عيادة د.منة عبدالرازق الخطيب,عيادة عامة,طبيب مختصّ في أمراض القدم,,204 Abou Quer,31.2090284,29.9304603,https://www.google.com/maps/place/%D8%B9%D9%8A%D8%A7%D8%AF%D8%A9+%D8%AF.%D9%85%D9%86%D8%A9+%D8%B9%D8%A8%D8%AF%D8%A7%D9%84%D8%B1%D8%A7%D8%B2%D9%82+%D8%A7%D9%84%D8%AE%D8%B7%D9%8A%D8%A8%E2%80%AD/data=!4m7!3m6!1s0x14f5c500238e3221:0x97efe90b700d5d5a!8m2!3d31.2090284!4d29.9304603!16s%2Fg%2F11mlv2mp56!19sChIJITKOIwDF9RQRWl0NcAvp75c?authuser=0&hl=en&g_ep=EgoyMDI2MDkwOS4wIJJjKgBIAVAD&rclk=1
عيادة دكتور احمد عبدالستار,عيادة عامة,جرَّاح,01097801315,العجمي ابويوسف الحديد والصلب فوق صيدلية العيادات داخل مركز الغفران - البيطاش الرئيسي - العجمي شارع البيطاش الرئيسي - بيانكي - بجوار عمر افندي - داخل مركز الغفران,31.0960351,29.758069,https://www.google.com/maps/place/%D8%B9%D9%8A%D8%A7%D8%AF%D8%A9+%D8%AF%D9%83%D8%AA%D9%88%D8%B1+%D8%A7%D8%AD%D9%85%D8%AF+%D8%B9%D8%A8%D8%AF%D8%A7%D9%84%D8%B3%D8%AA%D8%A7%D8%B1%E2%80%AD/data=!4m7!3m6!1s0x14f595c5ab7dcfcd:0x9a937ab82db6077d!8m2!3d31.0960351!4d29.758069!16s%2Fg%2F11pd34l9b1!19sChIJzc99q8WV9RQRfQe2Lbh6k5o?authuser=0&hl=en&g_ep=EgoyMDI2MDkwOS4wIJJjKgBIAVAD&rclk=1
عيادة دكتور محمد المعداوي,عيادة عامة,المركز الطبي العام,01276116352,,31.0997345,29.7727172,https://www.google.com/maps/place/%D8%B9%D9%8A%D8%A7%D8%AF%D8%A9+%D8%AF%D9%83%D8%AA%D9%88%D8%B1+%D9%85%D8%AD%D9%85%D8%AF+%D8%A7%D9%84%D9%85%D8%B9%D8%AF%D8%A7%D9%88%D9%8A%E2%80%AD/data=!4m7!3m6!1s0x14f595ae7381c7e9:0x4f26f9ee7703d30f!8m2!3d31.0997345!4d29.7727172!16s%2Fg%2F11y4zk0_tp!19sChIJ6ceBc66V9RQRD9MDd-75Jk8?authuser=0&hl=en&g_ep=EgoyMDI2MDkwOS4wIJJjKgBIAVAD&rclk=1
عيادة دكتور مروان سالم,عيادة عامة,جرَّاح,01124095625,,31.0882307,29.7522647,https://www.google.com/maps/place/%D8%B9%D9%8A%D8%A7%D8%AF%D8%A9+%D8%AF%D9%83%D8%AA%D9%88%D8%B1+%D9%85%D8%B1%D9%88%D8%A7%D9%86+%D8%B3%D8%A7%D9%84%D9%85%E2%80%AD/data=!4m7!3m6!1s0x14f595f7301e8fbb:0x9a1b7011994ee756!8m2!3d31.0882307!4d29.7522647!16s%2Fg%2F11sz2p2qwp!19sChIJu48eMPeV9RQRVudOmRFwG5o?authuser=0&hl=en&g_ep=EgoyMDI2MDkwOS4wIJJjKgBIAVAD&rclk=1
عيادة دكتورة زهراء السعيد الخشن,عيادة عامة,طبيب,01061549539,شارع بورسعيد بجوار مسجد الفتح مطروح,31.3525288,27.2419998,https://www.google.com/maps/place/%D8%B9%D9%8A%D8%A7%D8%AF%D8%A9+%D8%AF%D9%83%D8%AA%D9%88%D8%B1%D8%A9+%D8%B2%D9%87%D8%B1%D8%A7%D8%A1+%D8%A7%D9%84%D8%B3%D8%B9%D9%8A%D8%AF+%D8%A7%D9%84%D8%AE%D8%B4%D9%86%E2%80%AD/data=!4m7!3m6!1s0x1461fffabfcf54bb:0xeedf9ccded29ce20!8m2!3d31.3525288!4d27.2419998!16s%2Fg%2F11hz9c21j6!19sChIJu1TPv_r_YRQRIM4p7c2c3-4?authuser=0&hl=en&g_ep=EgoyMDI2MDkwOS4wIJJjKgBIAVAD&rclk=1
عياده دكتور شيماء عقيل,عيادة عامة,عيادة طبية,01091307084,6X7X+44J سكينه شارع 7 الارض الجدبده,31.2128475,29.9977626,https://www.google.com/maps/place/%D8%B9%D9%8A%D8%A7%D8%AF%D9%87+%D8%AF%D9%83%D8%AA%D9%88%D8%B1+%D8%B4%D9%8A%D9%85%D8%A7%D8%A1+%D8%B9%D9%82%D9%8A%D9%84%E2%80%AD/data=!4m7!3m6!1s0x14f5db00650930fb:0xf59d255c74822ff4!8m2!3d31.2128475!4d29.9977626!16s%2Fg%2F11x_3y2202!19sChIJ-zAJZQDb9RQR9C-CdFwlnfU?authuser=0&hl=en&g_ep=EgoyMDI2MDkwOS4wIJJjKgBIAVAD&rclk=1
عياده دكتور عمرو عبد العزيز,عيادة عامة,مركز طبي,,Alexandria - Marsa Matrouh Rd,31.0987341,29.7714949,https://www.google.com/maps/place/%D8%B9%D9%8A%D8%A7%D8%AF%D9%87+%D8%AF%D9%83%D8%AA%D9%88%D8%B1+%D8%B9%D9%85%D8%B1%D9%88+%D8%B9%D8%A8%D8%AF+%D8%A7%D9%84%D8%B9%D8%B2%D9%8A%D8%B2%E2%80%AD/data=!4m7!3m6!1s0x14f5eb0b3c95e0b9:0x68c59b9ed195065d!8m2!3d31.0987341!4d29.7714949!16s%2Fg%2F11ytscl1pg!19sChIJueCVPAvr9RQRXQaV0Z6bxWg?authuser=0&hl=en&g_ep=EgoyMDI2MDkwOS4wIJJjKgBIAVAD&rclk=1
عياده دكتور/جمال طه ابو كليله,عيادة عامة,طبيب,01272705943,2R53+HHF، شارع القسم,31.0089292,29.8039201,https://www.google.com/maps/place/%D8%B9%D9%8A%D8%A7%D8%AF%D9%87+%D8%AF%D9%83%D8%AA%D9%88%D8%B1%2F%D8%AC%D9%85%D8%A7%D9%84+%D8%B7%D9%87+%D8%A7%D8%A8%D9%88+%D9%83%D9%84%D9%8A%D9%84%D9%87%E2%80%AD/data=!4m7!3m6!1s0x14f5ed38fba0071d:0x20305c128a7bc26b!8m2!3d31.0089292!4d29.8039201!16s%2Fg%2F11dym7g42y!19sChIJHQeg-zjt9RQRa8J7ihJcMCA?authuser=0&hl=en&g_ep=EgoyMDI2MDkwOS4wIJJjKgBIAVAD&rclk=1
كاريتاس مطروح / مركز عصر الاسلام الطبي,عيادة عامة,عيادة طبية,0464948009,El Thanawea Rd,31.3502606,27.2339567,https://www.google.com/maps/place/%D9%83%D8%A7%D8%B1%D9%8A%D8%AA%D8%A7%D8%B3+%D9%85%D8%B7%D8%B1%D9%88%D8%AD+%2F+%D9%85%D8%B1%D9%83%D8%B2+%D8%B9%D8%B5%D8%B1+%D8%A7%D9%84%D8%A7%D8%B3%D9%84%D8%A7%D9%85+%D8%A7%D9%84%D8%B7%D8%A8%D9%8A%E2%80%AD/data=!4m7!3m6!1s0x1461f932f2fb9ce3:0x1312f1e6c708e24b!8m2!3d31.3502606!4d27.2339567!16s%2Fg%2F11c74fmq6h!19sChIJ45z78jL5YRQRS-IIx-bxEhM?authuser=0&hl=en&g_ep=EgoyMDI2MDkwOS4wIJJjKgBIAVAD&rclk=1
مركز أبو العلا الطبى,عيادة عامة,عيادة متخصصة,01223318059,معامل الفا Alfa Labs، طريق اسكندرية مطروح بجوار,31.1027788,29.7778284,https://www.google.com/maps/place/%D9%85%D8%B1%D9%83%D8%B2+%D8%A3%D8%A8%D9%88+%D8%A7%D9%84%D8%B9%D9%84%D8%A7+%D8%A7%D9%84%D8%B7%D8%A8%D9%89%E2%80%AD/data=!4m7!3m6!1s0x14f594cf5bb09c13:0x1ee8d2b3961cf77d!8m2!3d31.1027788!4d29.7778284!16s%2Fg%2F11fk9cqq5g!19sChIJE5ywW8-U9RQRffcclrPS6B4?authuser=0&hl=en&g_ep=EgoyMDI2MDkwOS4wIJJjKgBIAVAD&rclk=1
مركز د / أيه النجار,عيادة عامة,مركز طبي,01092610390,"عرفات برج الماسه، شارع اسكندريه مطروح, Al Bitash",31.1161247,29.7953849,https://www.google.com/maps/place/%D9%85%D8%B1%D9%83%D8%B2+%D8%AF+%2F+%D8%A3%D9%8A%D9%87+%D8%A7%D9%84%D9%86%D8%AC%D8%A7%D8%B1%E2%80%AD/data=!4m7!3m6!1s0x14f5eb9a4745cc45:0x86f77e5c72c41f70!8m2!3d31.1161247!4d29.7953849!16s%2Fg%2F11h5lqd7bb!19sChIJRcxFR5rr9RQRcB_Eclx-94Y?authuser=0&hl=en&g_ep=EgoyMDI2MDkwOS4wIJJjKgBIAVAD&rclk=1
مركز دار الشفاء الطبي,عيادة عامة,مركز طبي,01010555488,Alam Al Roam,31.3537245,27.2596625,https://www.google.com/maps/place/%D9%85%D8%B1%D9%83%D8%B2+%D8%AF%D8%A7%D8%B1+%D8%A7%D9%84%D8%B4%D9%81%D8%A7%D8%A1+%D8%A7%D9%84%D8%B7%D8%A8%D9%8A%E2%80%AD/data=!4m7!3m6!1s0x1461ff06bb0bca69:0xf298602431c628eb!8m2!3d31.3537245!4d27.2596625!16s%2Fg%2F11ll8mhl0l!19sChIJacoLuwb_YRQR6yjGMSRgmPI?authuser=0&hl=en&g_ep=EgoyMDI2MDkwOS4wIJJjKgBIAVAD&rclk=1
مركز صيام كلينك لجراحة اليوم الواحد دكتور مصطفي صيام . استشاري الجراحة العامة . زمالة كلية الجراحين الملكية ايرلندا,عيادة عامة,جرَّاح,01220473093,محمد,31.0845824,29.7443718,https://www.google.com/maps/place/%D9%85%D8%B1%D9%83%D8%B2+%D8%B5%D9%8A%D8%A7%D9%85+%D9%83%D9%84%D9%8A%D9%86%D9%83+%D9%84%D8%AC%D8%B1%D8%A7%D8%AD%D8%A9+%D8%A7%D9%84%D9%8A%D9%88%D9%85+%D8%A7%D9%84%D9%88%D8%A7%D8%AD%D8%AF+%D8%AF%D9%83%D8%AA%D9%88%D8%B1+%D9%85%D8%B5%D8%B7%D9%81%D9%8A+%D8%B5%D9%8A%D8%A7%D9%85+.+%D8%A7%D8%B3%D8%AA%D8%B4%D8%A7%D8%B1%D9%8A+%D8%A7%D9%84%D8%AC%D8%B1%D8%A7%D8%AD%D8%A9+%D8%A7%D9%84%D8%B9%D8%A7%D9%85%D8%A9+.+%D8%B2%D9%85%D8%A7%D9%84%D8%A9+%D9%83%D9%84%D9%8A%D8%A9+%D8%A7%D9%84%D8%AC%D8%B1%D8%A7%D8%AD%D9%8A%D9%86+%D8%A7%D9%84%D9%85%D9%84%D9%83%D9%8A%D8%A9+%D8%A7%D9%8A%D8%B1%D9%84%D9%86%D8%AF%D8%A7%E2%80%AD/data=!4m7!3m6!1s0x14f5955406b2948f:0xe6ba4629dc1e556d!8m2!3d31.0845824!4d29.7443718!16s%2Fg%2F11h6q67rxv!19sChIJj5SyBlSV9RQRbVUe3ClGuuY?authuser=0&hl=en&g_ep=EgoyMDI2MDkwOS4wIJJjKgBIAVAD&rclk=1
مركز فور كيدز,عيادة عامة,مركز طبي,01221014325,"3QQ2+9J8, طريق الإسكندرية - مرسى مطروح، العجمي البحري، قسم الدخيلة،،",31.0884146,29.7515816,https://www.google.com/maps/place/%D9%85%D8%B1%D9%83%D8%B2+%D9%81%D9%88%D8%B1+%D9%83%D9%8A%D8%AF%D8%B2%E2%80%AD/data=!4m7!3m6!1s0x14f595672f84dcfb:0x9a09602514430a34!8m2!3d31.0884146!4d29.7515816!16s%2Fg%2F11ll3tbbk6!19sChIJ-9yEL2eV9RQRNApDFCVgCZo?authuser=0&hl=en&g_ep=EgoyMDI2MDkwOS4wIJJjKgBIAVAD&rclk=1
ڤيلا قنديل,عيادة عامة,طبيب,,WPR9+RC,30.9421849,28.7196427,https://www.google.com/maps/place/%DA%A4%D9%8A%D9%84%D8%A7+%D9%82%D9%86%D8%AF%D9%8A%D9%84%E2%80%AD/data=!4m7!3m6!1s0x145ffd001c4f518b:0xc7e623ddbc9431aa!8m2!3d30.9421849!4d28.7196427!16s%2Fg%2F11zgydf4sg!19sChIJi1FPHAD9XxQRqjGUvN0j5sc?authuser=0&hl=en&g_ep=EgoyMDI2MDkwOS4wIJJjKgBIAVAD&rclk=1
Dr Hussam Zaghloul Eye Clinic - عيادة د. حسام زغلول لطب و جراحة العيون,عيون,Ophthalmologist,01011442703,154 شارع بورسعيد,31.21692,29.926901,https://www.google.com/maps/place/Dr+Hussam+Zaghloul+Eye+Clinic+-+%D8%B9%D9%8A%D8%A7%D8%AF%D8%A9+%D8%AF.+%D8%AD%D8%B3%D8%A7%D9%85+%D8%B2%D8%BA%D9%84%D9%88%D9%84+%D9%84%D8%B7%D8%A8+%D9%88+%D8%AC%D8%B1%D8%A7%D8%AD%D8%A9+%D8%A7%D9%84%D8%B9%D9%8A%D9%88%D9%86%E2%80%AD/data=!4m7!3m6!1s0x14f5c5d814b20231:0xda8cd848198a0f10!8m2!3d31.21692!4d29.926901!16s%2Fg%2F11fl_hmt13!19sChIJMQKyFNjF9RQREA-KGUjYjNo?authuser=0&hl=en&g_ep=EgoyMDI2MDkwOS4wIJJjKgBIAVAD&rclk=1
Dr. Ahmed Magdy Badah,عيون,طبيب عيون,035825225,,31.239468,29.9599028,https://www.google.com/maps/place/Dr.+Ahmed+Magdy+Badah/data=!4m7!3m6!1s0x14f5c527a6b17f2d:0xac2f2c752d87cd34!8m2!3d31.239468!4d29.9599028!16s%2Fg%2F1ts6db10!19sChIJLX-xpifF9RQRNM2HLXUsL6w?authuser=0&hl=en&g_ep=EgoyMDI2MDkwOS4wIJJjKgBIAVAD&rclk=1
أ. د/ طارق حسين,عيون,عيادة طب العيون,01271615715,"إمام محطته الترام ميدان سعد زغلول, Mahta Al Raml Sq.",31.2020903,29.9015557,https://www.google.com/maps/place/%D8%A3.+%D8%AF%2F+%D8%B7%D8%A7%D8%B1%D9%82+%D8%AD%D8%B3%D9%8A%D9%86%E2%80%AD/data=!4m7!3m6!1s0x14f5c3f25e4910b9:0x411869f84aa35b4f!8m2!3d31.2020903!4d29.9015557!16s%2Fg%2F11fl7cmsvr!19sChIJuRBJXvLD9RQRT1ujSvhpGEE?authuser=0&hl=en&g_ep=EgoyMDI2MDkwOS4wIJJjKgBIAVAD&rclk=1
الأستاذ الدكتور/ محمد شفيق شاهين,عيون,طبيب عيون,01110202310,,31.2197728,29.9326517,https://www.google.com/maps/place/%D8%A7%D9%84%D8%A3%D8%B3%D8%AA%D8%A7%D8%B0+%D8%A7%D9%84%D8%AF%D9%83%D8%AA%D9%88%D8%B1%2F+%D9%85%D8%AD%D9%85%D8%AF+%D8%B4%D9%81%D9%8A%D9%82+%D8%B4%D8%A7%D9%87%D9%8A%D9%86%E2%80%AD/data=!4m7!3m6!1s0x14f5c48bed1ea3d5:0x2af9c0b59bf6bd2e!8m2!3d31.2197728!4d29.9326517!16s%2Fg%2F11d_9h4b4q!19sChIJ1aMe7YvE9RQRLr32m7XA-So?authuser=0&hl=en&g_ep=EgoyMDI2MDkwOS4wIJJjKgBIAVAD&rclk=1
الحريه وشارع مصطفى كامل,عيون,طبيب عيون,,"4Q4G+FCM, Alexandria - Marsa Matrouh Rd",31.1062183,29.7760353,https://www.google.com/maps/place/%D8%A7%D9%84%D8%AD%D8%B1%D9%8A%D9%87+%D9%88%D8%B4%D8%A7%D8%B1%D8%B9+%D9%85%D8%B5%D8%B7%D9%81%D9%89+%D9%83%D8%A7%D9%85%D9%84%E2%80%AD/data=!4m7!3m6!1s0x14f595004fbe27fb:0xd488caa2c0c45318!8m2!3d31.1062183!4d29.7760353!16s%2Fg%2F11z998xcj0!19sChIJ-ye-TwCV9RQRGFPEwKLKiNQ?authuser=0&hl=en&g_ep=EgoyMDI2MDkwOS4wIJJjKgBIAVAD&rclk=1
النور للبصريات,عيون,طبيب,01020137877,"أول، أليكس سيتي مول, Alexandria - Marsa Matrouh Rd",31.1000083,29.7724033,https://www.google.com/maps/place/%D8%A7%D9%84%D9%86%D9%88%D8%B1+%D9%84%D9%84%D8%A8%D8%B5%D8%B1%D9%8A%D8%A7%D8%AA%E2%80%AD/data=!4m7!3m6!1s0x14f595a97240137f:0x93eb071e5ba441f9!8m2!3d31.1000083!4d29.7724033!16s%2Fg%2F11h0b9q3qw!19sChIJfxNAcqmV9RQR-UGkWx4H65M?authuser=0&hl=en&g_ep=EgoyMDI2MDkwOS4wIJJjKgBIAVAD&rclk=1
د خالد مصطفي الرجال عيادة الهانوفيل لطب العيون,عيون,طبيب عيون,01270700103,Al Hanouvel,31.1028319,29.7674352,https://www.google.com/maps/place/%D8%AF+%D8%AE%D8%A7%D9%84%D8%AF+%D9%85%D8%B5%D8%B7%D9%81%D9%8A+%D8%A7%D9%84%D8%B1%D8%AC%D8%A7%D9%84+%D8%B9%D9%8A%D8%A7%D8%AF%D8%A9+%D8%A7%D9%84%D9%87%D8%A7%D9%86%D9%88%D9%81%D9%8A%D9%84+%D9%84%D8%B7%D8%A8+%D8%A7%D9%84%D8%B9%D9%8A%D9%88%D9%86%E2%80%AD/data=!4m7!3m6!1s0x14f594c1b8d50da3:0x60fbf4beddbea84a!8m2!3d31.1028319!4d29.7674352!16s%2Fg%2F11flqbr67t!19sChIJow3VuMGU9RQRSqi-3b70-2A?authuser=0&hl=en&g_ep=EgoyMDI2MDkwOS4wIJJjKgBIAVAD&rclk=1
د. اسلام عبد المنعم ابو زيد,عيون,عيادة طب العيون,01120600161,١٧.٥ طريق اسكندرية مطروح، أبو يوسف,31.0922726,29.7599663,https://www.google.com/maps/place/%D8%AF.+%D8%A7%D8%B3%D9%84%D8%A7%D9%85+%D8%B9%D8%A8%D8%AF+%D8%A7%D9%84%D9%85%D9%86%D8%B9%D9%85+%D8%A7%D8%A8%D9%88+%D8%B2%D9%8A%D8%AF%E2%80%AD/data=!4m7!3m6!1s0x14f59490cad57df9:0x9d43298946da32e2!8m2!3d31.0922726!4d29.7599663!16s%2Fg%2F11fkw6_zcp!19sChIJ-X3VypCU9RQR4jLaRokpQ50?authuser=0&hl=en&g_ep=EgoyMDI2MDkwOS4wIJJjKgBIAVAD&rclk=1
دكتور محمد عرفه امين,عيون,طبيب عيون,01017030309,"شارع الهانوفيل متفرع من, Alexandria - Marsa Matrouh Rd",31.1024455,29.7685205,https://www.google.com/maps/place/%D8%AF%D9%83%D8%AA%D9%88%D8%B1+%D9%85%D8%AD%D9%85%D8%AF+%D8%B9%D8%B1%D9%81%D9%87+%D8%A7%D9%85%D9%8A%D9%86%E2%80%AD/data=!4m7!3m6!1s0x14f594c1a7b01839:0x72a4561e118bb6f0!8m2!3d31.1024455!4d29.7685205!16s%2Fg%2F11h6rrrtvl!19sChIJORiwp8GU9RQR8LaLER5WpHI?authuser=0&hl=en&g_ep=EgoyMDI2MDkwOS4wIJJjKgBIAVAD&rclk=1
دكتور/ خالد الشيمى,عيون,طبيب عيون,033016724,بجوار بلوستار للبصريات الكيلو ١٦.٥طريق مصر، الصحراوي,31.1054733,29.781138,https://www.google.com/maps/place/%D8%AF%D9%83%D8%AA%D9%88%D8%B1%2F+%D8%AE%D8%A7%D9%84%D8%AF+%D8%A7%D9%84%D8%B4%D9%8A%D9%85%D9%89%E2%80%AD/data=!4m7!3m6!1s0x14f594ce3bacd017:0xe292bde933a7ef15!8m2!3d31.1054733!4d29.781138!16s%2Fg%2F11h00dznwr!19sChIJF9CsO86U9RQRFe-nM-m9kuI?authuser=0&hl=en&g_ep=EgoyMDI2MDkwOS4wIJJjKgBIAVAD&rclk=1
عيادة الدكتور حاتم عجور - استشاري طب و جراحة العيون,عيون,مركز عناية بالعيون,01550506672,3PGQ+X5Q,31.0774552,29.7379906,https://www.google.com/maps/place/%D8%B9%D9%8A%D8%A7%D8%AF%D8%A9+%D8%A7%D9%84%D8%AF%D9%83%D8%AA%D9%88%D8%B1+%D8%AD%D8%A7%D8%AA%D9%85+%D8%B9%D8%AC%D9%88%D8%B1+-+%D8%A7%D8%B3%D8%AA%D8%B4%D8%A7%D8%B1%D9%8A+%D8%B7%D8%A8+%D9%88+%D8%AC%D8%B1%D8%A7%D8%AD%D8%A9+%D8%A7%D9%84%D8%B9%D9%8A%D9%88%D9%86%E2%80%AD/data=!4m7!3m6!1s0x14f59322f5d6142d:0x81f67348d4ef16e8!8m2!3d31.0774552!4d29.7379906!16s%2Fg%2F11h0331pn0!19sChIJLRTW9SKT9RQR6Bbv1Ehz9oE?authuser=0&hl=en&g_ep=EgoyMDI2MDkwOS4wIJJjKgBIAVAD&rclk=1
عيون غزال Ghazal Eye clinic,عيون,عيادة طب العيون,01026409805,ميدان الكيلو ٢١ أول شارع مدرسة شيرين بجوار معمل أحمد شتيوي,31.0790194,29.7359176,https://www.google.com/maps/place/%D8%B9%D9%8A%D9%88%D9%86+%D8%BA%D8%B2%D8%A7%D9%84+Ghazal+Eye+clinic%E2%80%AD/data=!4m7!3m6!1s0x14f593a7100b6e27:0x4643452077d64e01!8m2!3d31.0790194!4d29.7359176!16s%2Fg%2F11lzp3wvf6!19sChIJJ24LEKeT9RQRAU7WdyBFQ0Y?authuser=0&hl=en&g_ep=EgoyMDI2MDkwOS4wIJJjKgBIAVAD&rclk=1
مركز الشروق لطب العيون,عيون,مركز عناية بالعيون,01066683783,"شارع اسكندرية مطروح, Al Hanouvel",31.0984894,29.7701636,https://www.google.com/maps/place/%D9%85%D8%B1%D9%83%D8%B2+%D8%A7%D9%84%D8%B4%D8%B1%D9%88%D9%82+%D9%84%D8%B7%D8%A8+%D8%A7%D9%84%D8%B9%D9%8A%D9%88%D9%86%E2%80%AD/data=!4m7!3m6!1s0x14f594bf5e3b8579:0xff4908e34e5b02d3!8m2!3d31.0984894!4d29.7701636!16s%2Fg%2F11h0t5qhhd!19sChIJeYU7Xr-U9RQR0wJbTuMISf8?authuser=0&hl=en&g_ep=EgoyMDI2MDkwOS4wIJJjKgBIAVAD&rclk=1
د / مصطفى مبروك,قلب,جرّاح أوعية دموية,034110608,ش Al Haded We Al Soulb,31.0937494,29.7600758,https://www.google.com/maps/place/%D8%AF+%2F+%D9%85%D8%B5%D8%B7%D9%81%D9%89+%D9%85%D8%A8%D8%B1%D9%88%D9%83%E2%80%AD/data=!4m7!3m6!1s0x14f59496d3663609:0xc388f372d0a3d542!8m2!3d31.0937494!4d29.7600758!16s%2Fg%2F11h3sn396l!19sChIJCTZm05aU9RQRQtWj0HLziMM?authuser=0&hl=en&g_ep=EgoyMDI2MDkwOS4wIJJjKgBIAVAD&rclk=1
دار الحياة لعلاج وفحوصات أمراض القلب,قلب,مستشفى أمراض القلب,01010449060,"3QXC+PWV, Alexandria - Marsa Matrouh Rd",31.0993707,29.7722887,https://www.google.com/maps/place/%D8%AF%D8%A7%D8%B1+%D8%A7%D9%84%D8%AD%D9%8A%D8%A7%D8%A9+%D9%84%D8%B9%D9%84%D8%A7%D8%AC+%D9%88%D9%81%D8%AD%D9%88%D8%B5%D8%A7%D8%AA+%D8%A3%D9%85%D8%B1%D8%A7%D8%B6+%D8%A7%D9%84%D9%82%D9%84%D8%A8%E2%80%AD/data=!4m7!3m6!1s0x14f5959ad9953773:0x789ddd8541fb2037!8m2!3d31.0993707!4d29.7722887!16s%2Fg%2F11ljxqtn6w!19sChIJczeV2ZqV9RQRNyD7QYXdnXg?authuser=0&hl=en&g_ep=EgoyMDI2MDkwOS4wIJJjKgBIAVAD&rclk=1
دكتور أحمد ابو رواش,قلب,جرّاح أوعية دموية,01006832003,بجوار شارع سالم عيد، طريق اسكندرية مطروح، ك٢١,31.093007,29.7632915,https://www.google.com/maps/place/%D8%AF%D9%83%D8%AA%D9%88%D8%B1+%D8%A3%D8%AD%D9%85%D8%AF+%D8%A7%D8%A8%D9%88+%D8%B1%D9%88%D8%A7%D8%B4%E2%80%AD/data=!4m7!3m6!1s0x14f5949651405959:0x413e9890d32524de!8m2!3d31.093007!4d29.7632915!16s%2Fg%2F11fl7_9l2g!19sChIJWVlAUZaU9RQR3iQl05CYPkE?authuser=0&hl=en&g_ep=EgoyMDI2MDkwOS4wIJJjKgBIAVAD&rclk=1
دكتور أشرف الشايب,قلب,طبيب أمراض القلب,01223431617,"3PHP+PG8, Alexandria - Marsa Matrouh Rd",31.0792943,29.7363201,https://www.google.com/maps/place/%D8%AF%D9%83%D8%AA%D9%88%D8%B1+%D8%A3%D8%B4%D8%B1%D9%81+%D8%A7%D9%84%D8%B4%D8%A7%D9%8A%D8%A8%E2%80%AD/data=!4m7!3m6!1s0x14f59384706345a7:0x5b37f0753d7f6b47!8m2!3d31.0792943!4d29.7363201!16s%2Fg%2F11fkmgpqrh!19sChIJp0VjcIST9RQRR2t_PXXwN1s?authuser=0&hl=en&g_ep=EgoyMDI2MDkwOS4wIJJjKgBIAVAD&rclk=1
دكتور محمد أبوقمر,قلب,جرّاح أوعية دموية,01284008525,طريق اسكندرية مطروح مقابل، ميدان الهانوفيل,31.0979698,29.7713268,https://www.google.com/maps/place/%D8%AF%D9%83%D8%AA%D9%88%D8%B1+%D9%85%D8%AD%D9%85%D8%AF+%D8%A3%D8%A8%D9%88%D9%82%D9%85%D8%B1%E2%80%AD/data=!4m7!3m6!1s0x14f594bf53974e6f:0x4743d69a2d66b9c9!8m2!3d31.0979698!4d29.7713268!16s%2Fg%2F11h79kd9hm!19sChIJb06XU7-U9RQRyblmLZrWQ0c?authuser=0&hl=en&g_ep=EgoyMDI2MDkwOS4wIJJjKgBIAVAD&rclk=1
عيادة دكتور محمد شرف الدين للأمراض الباطنة والقلب والسكر وأمراض الدم والجهاز الهضمي والكبد بمرسي مطروح,قلب,مركز طبي,01012954979,Zaher Galal,31.3505204,27.2451645,https://www.google.com/maps/place/%D8%B9%D9%8A%D8%A7%D8%AF%D8%A9+%D8%AF%D9%83%D8%AA%D9%88%D8%B1+%D9%85%D8%AD%D9%85%D8%AF+%D8%B4%D8%B1%D9%81+%D8%A7%D9%84%D8%AF%D9%8A%D9%86+%D9%84%D9%84%D8%A3%D9%85%D8%B1%D8%A7%D8%B6+%D8%A7%D9%84%D8%A8%D8%A7%D8%B7%D9%86%D8%A9+%D9%88%D8%A7%D9%84%D9%82%D9%84%D8%A8+%D9%88%D8%A7%D9%84%D8%B3%D9%83%D8%B1+%D9%88%D8%A3%D9%85%D8%B1%D8%A7%D8%B6+%D8%A7%D9%84%D8%AF%D9%85+%D9%88%D8%A7%D9%84%D8%AC%D9%87%D8%A7%D8%B2+%D8%A7%D9%84%D9%87%D8%B6%D9%85%D9%8A+%D9%88%D8%A7%D9%84%D9%83%D8%A8%D8%AF+%D8%A8%D9%85%D8%B1%D8%B3%D9%8A+%D9%85%D8%B7%D8%B1%D9%88%D8%AD%E2%80%AD/data=!4m7!3m6!1s0x1461ffb8106d14d5:0x198e88bd9b71714a!8m2!3d31.3505204!4d27.2451645!16s%2Fg%2F11h7q7w6qy!19sChIJ1RRtELj_YRQRSnFxm72Ijhk?authuser=0&hl=en&g_ep=EgoyMDI2MDkwOS4wIJJjKgBIAVAD&rclk=1
الأستاذ الدكتور محمد حمدى,مخ وأعصاب,طبيب جهاز عصبي,035226092,,31.2306875,29.9571586,https://www.google.com/maps/place/%D8%A7%D9%84%D8%A3%D8%B3%D8%AA%D8%A7%D8%B0+%D8%A7%D9%84%D8%AF%D9%83%D8%AA%D9%88%D8%B1+%D9%85%D8%AD%D9%85%D8%AF+%D8%AD%D9%85%D8%AF%D9%89%E2%80%AD/data=!4m7!3m6!1s0x14f5c4db8262213b:0xd9c7a70afd07e64d!8m2!3d31.2306875!4d29.9571586!16s%2Fg%2F11f4_38npn!19sChIJOyFigtvE9RQRTeYH_Qqnx9k?authuser=0&hl=en&g_ep=EgoyMDI2MDkwOS4wIJJjKgBIAVAD&rclk=1
دكتور أحمد محمد العشرى,مخ وأعصاب,طبيب جهاز عصبي,01228314209,3QXC+48Q، طريق اسكندرية مطروح، مقابل ميدان الهانوفيل، العجمى,31.0978352,29.7708544,https://www.google.com/maps/place/%D8%AF%D9%83%D8%AA%D9%88%D8%B1+%D8%A3%D8%AD%D9%85%D8%AF+%D9%85%D8%AD%D9%85%D8%AF+%D8%A7%D9%84%D8%B9%D8%B4%D8%B1%D9%89%E2%80%AD/data=!4m7!3m6!1s0x14f594bf50018125:0x3b99e97313cc043f!8m2!3d31.0978352!4d29.7708544!16s%2Fg%2F11h1133ysm!19sChIJJYEBUL-U9RQRPwTME3PpmTs?authuser=0&hl=en&g_ep=EgoyMDI2MDkwOS4wIJJjKgBIAVAD&rclk=1
El Khaber Labs - Dr. Ahmed El-Shimi - معامل الخبير للتحاليل الطبية - دكتور أحمد الشيمى,مختبرات,مختبر طبي,01006131117,"In Front Of El Ahmady For Ceramic, Km 19.5 Alex Matrouh Rd, ABOU YOUSSEF",31.0865423,29.7475907,https://www.google.com/maps/place/El+Khaber+Labs+-+Dr.+Ahmed+El-Shimi+-+%D9%85%D8%B9%D8%A7%D9%85%D9%84+%D8%A7%D9%84%D8%AE%D8%A8%D9%8A%D8%B1+%D9%84%D9%84%D8%AA%D8%AD%D8%A7%D9%84%D9%8A%D9%84+%D8%A7%D9%84%D8%B7%D8%A8%D9%8A%D8%A9+-+%D8%AF%D9%83%D8%AA%D9%88%D8%B1+%D8%A3%D8%AD%D9%85%D8%AF+%D8%A7%D9%84%D8%B4%D9%8A%D9%85%D9%89%E2%80%AD/data=!4m7!3m6!1s0x14f5955c193b92d3:0xf322a340855c3c4b!8m2!3d31.0865423!4d29.7475907!16s%2Fg%2F11kby7pphc!19sChIJ05I7GVyV9RQRSzxchUCjIvM?authuser=0&hl=en&g_ep=EgoyMDI2MDkwOS4wIJJjKgBIAVAD&rclk=1
معمل التحاليل الطبية دكتور/ محمد خضر,مختبرات,عيادة طبية,034359007,"شارع اسكندرية مطروح ،بجوار, Al Queri Mosque",31.1074119,29.7833078,https://www.google.com/maps/place/%D9%85%D8%B9%D9%85%D9%84+%D8%A7%D9%84%D8%AA%D8%AD%D8%A7%D9%84%D9%8A%D9%84+%D8%A7%D9%84%D8%B7%D8%A8%D9%8A%D8%A9+%D8%AF%D9%83%D8%AA%D9%88%D8%B1%2F+%D9%85%D8%AD%D9%85%D8%AF+%D8%AE%D8%B6%D8%B1%E2%80%AD/data=!4m7!3m6!1s0x14f594d226d94adb:0xbf99ad76fb05cce1!8m2!3d31.1074119!4d29.7833078!16s%2Fg%2F11h00pg1ys!19sChIJ20rZJtKU9RQR4cwF-3atmb8?authuser=0&hl=en&g_ep=EgoyMDI2MDkwOS4wIJJjKgBIAVAD&rclk=1
معمل المجهر -ابويوسف العجمى,مختبرات,مختبر,01007501166,ابو يوسف، ابو يوسف شارع اسكندرية مطروح الكيلو 17 بجوار مدرسة ابو يوسف الخاصة اول شارع الكويته أسفل عيادة دكتور تامر سلطان,31.0921823,29.7588064,https://www.google.com/maps/place/%D9%85%D8%B9%D9%85%D9%84+%D8%A7%D9%84%D9%85%D8%AC%D9%87%D8%B1+-%D8%A7%D8%A8%D9%88%D9%8A%D9%88%D8%B3%D9%81+%D8%A7%D9%84%D8%B9%D8%AC%D9%85%D9%89%E2%80%AD/data=!4m7!3m6!1s0x14f595003478eb7b:0x49e669fe49168919!8m2!3d31.0921823!4d29.7588064!16s%2Fg%2F11zdrtf8y1!19sChIJe-t4NACV9RQRGYkWSf5p5kk?authuser=0&hl=en&g_ep=EgoyMDI2MDkwOS4wIJJjKgBIAVAD&rclk=1
معمل المجهر للتحاليل الطبية,مختبرات,مركز طبي,01007501166,ابو يوسف بجوار مدرسة أبو يوسف الخاصة اول شارع الكويتة أسفل عيادة دكتور تامر سلطان، الكيلو 17 طريق اسكندرية مطروح,31.0921822,29.7588069,https://www.google.com/maps/place/%D9%85%D8%B9%D9%85%D9%84+%D8%A7%D9%84%D9%85%D8%AC%D9%87%D8%B1+%D9%84%D9%84%D8%AA%D8%AD%D8%A7%D9%84%D9%8A%D9%84+%D8%A7%D9%84%D8%B7%D8%A8%D9%8A%D8%A9%E2%80%AD/data=!4m7!3m6!1s0x14f595d6b1fda32f:0xdb4717fc504d00e7!8m2!3d31.0921822!4d29.7588069!16s%2Fg%2F11nv0x5nhd!19sChIJL6P9sdaV9RQR5wBNUPwXR9s?authuser=0&hl=en&g_ep=EgoyMDI2MDkwOS4wIJJjKgBIAVAD&rclk=1
معمل الوسام للتحاليل الطبية,مختبرات,مختبر طبي,01280950797,مدرسة الضوى، طريق اسكندرية مطروح الكيلو ١٨ بجوار شارع,31.094032,29.7634306,https://www.google.com/maps/place/%D9%85%D8%B9%D9%85%D9%84+%D8%A7%D9%84%D9%88%D8%B3%D8%A7%D9%85+%D9%84%D9%84%D8%AA%D8%AD%D8%A7%D9%84%D9%8A%D9%84+%D8%A7%D9%84%D8%B7%D8%A8%D9%8A%D8%A9%E2%80%AD/data=!4m7!3m6!1s0x14f5949666670879:0x4fc49f01faa892b3!8m2!3d31.094032!4d29.7634306!16s%2Fg%2F11h1j1f903!19sChIJeQhnZpaU9RQRs5Ko-gGfxE8?authuser=0&hl=en&g_ep=EgoyMDI2MDkwOS4wIJJjKgBIAVAD&rclk=1
معمل عمار مصطفى للتحاليل الطبية Ammar Mostafa Medical Laboratory,مختبرات,مختبر طبي,01223459165,"أمام شارع سالم عيد أعلى صيدليه نمره, شارع اسكندريه مطروح",31.0937673,29.7634076,https://www.google.com/maps/place/%D9%85%D8%B9%D9%85%D9%84+%D8%B9%D9%85%D8%A7%D8%B1+%D9%85%D8%B5%D8%B7%D9%81%D9%89+%D9%84%D9%84%D8%AA%D8%AD%D8%A7%D9%84%D9%8A%D9%84+%D8%A7%D9%84%D8%B7%D8%A8%D9%8A%D8%A9+Ammar+Mostafa+Medical+Laboratory%E2%80%AD/data=!4m7!3m6!1s0x14f594965d7decb9:0x868ea5515df02868!8m2!3d31.0937673!4d29.7634076!16s%2Fg%2F11h7bbpcrj!19sChIJuex9XZaU9RQRaCjwXVGljoY?authuser=0&hl=en&g_ep=EgoyMDI2MDkwOS4wIJJjKgBIAVAD&rclk=1
الإستشاري الدكتور محمد عتمان,مسالك بولية,طبيب مسالك بولية,01225223392,ش فرنسا، بحرى,31.202926,29.8844379,https://www.google.com/maps/place/%D8%A7%D9%84%D8%A5%D8%B3%D8%AA%D8%B4%D8%A7%D8%B1%D9%8A+%D8%A7%D9%84%D8%AF%D9%83%D8%AA%D9%88%D8%B1+%D9%85%D8%AD%D9%85%D8%AF+%D8%B9%D8%AA%D9%85%D8%A7%D9%86%E2%80%AD/data=!4m7!3m6!1s0x14f5c3e3027c22e7:0xa2320d9eca5de5fa!8m2!3d31.202926!4d29.8844379!16s%2Fg%2F11hyw5l744!19sChIJ5yJ8AuPD9RQR-uVdyp4NMqI?authuser=0&hl=en&g_ep=EgoyMDI2MDkwOS4wIJJjKgBIAVAD&rclk=1
الدكتور محمد حبيب,مسالك بولية,طبيب مسالك بولية,01224241007,٨٢ شارع مراد متفرع من شارع الأمان، محطه ترام خفاجه، حي,31.1665597,29.8707539,https://www.google.com/maps/place/%D8%A7%D9%84%D8%AF%D9%83%D8%AA%D9%88%D8%B1+%D9%85%D8%AD%D9%85%D8%AF+%D8%AD%D8%A8%D9%8A%D8%A8%E2%80%AD/data=!4m7!3m6!1s0x14f5c18ff0b5b05b:0x74270a03ed4e038!8m2!3d31.1665597!4d29.8707539!16s%2Fg%2F11h3qskg26!19sChIJW7C18I_B9RQROODUPqBwQgc?authuser=0&hl=en&g_ep=EgoyMDI2MDkwOS4wIJJjKgBIAVAD&rclk=1
دكتور عزيز,مسالك بولية,عيادة مسالك بولية,01208281121,"4Q4J+JW8, Alexandria - Marsa Matrouh Rd",31.1065317,29.7823408,https://www.google.com/maps/place/%D8%AF%D9%83%D8%AA%D9%88%D8%B1+%D8%B9%D8%B2%D9%8A%D8%B2%E2%80%AD/data=!4m7!3m6!1s0x14f59500258f925b:0xcc61ec646bc5501f!8m2!3d31.1065317!4d29.7823408!16s%2Fg%2F11y3937g4x!19sChIJW5KPJQCV9RQRH1DFa2TsYcw?authuser=0&hl=en&g_ep=EgoyMDI2MDkwOS4wIJJjKgBIAVAD&rclk=1
عيادة الدكتور حسام الدين قطب,مسالك بولية,طبيب مسالك بولية,01553062542,2 Madraset Al Safwa,31.0818054,29.7398419,https://www.google.com/maps/place/%D8%B9%D9%8A%D8%A7%D8%AF%D8%A9+%D8%A7%D9%84%D8%AF%D9%83%D8%AA%D9%88%D8%B1+%D8%AD%D8%B3%D8%A7%D9%85+%D8%A7%D9%84%D8%AF%D9%8A%D9%86+%D9%82%D8%B7%D8%A8%E2%80%AD/data=!4m7!3m6!1s0x14f593efa6f1b483:0x220cba6263eb2790!8m2!3d31.0818054!4d29.7398419!16s%2Fg%2F11sgwk75z6!19sChIJg7Txpu-T9RQRkCfrY2K6DCI?authuser=0&hl=en&g_ep=EgoyMDI2MDkwOS4wIJJjKgBIAVAD&rclk=1
عيادة الذكورة و المسالك البولية- د/ علاء عبدالهادى الصغير,مسالك بولية,عيادة مسالك بولية,01223641864,"أمام مدرسه محمد نجيب فوق عصير اولاد الشيخ الدور التاني, Alexandria - Marsa Matrouh Rd",31.0970877,29.7691582,https://www.google.com/maps/place/%D8%B9%D9%8A%D8%A7%D8%AF%D8%A9+%D8%A7%D9%84%D8%B0%D9%83%D9%88%D8%B1%D8%A9+%D9%88+%D8%A7%D9%84%D9%85%D8%B3%D8%A7%D9%84%D9%83+%D8%A7%D9%84%D8%A8%D9%88%D9%84%D9%8A%D8%A9-+%D8%AF%2F+%D8%B9%D9%84%D8%A7%D8%A1+%D8%B9%D8%A8%D8%AF%D8%A7%D9%84%D9%87%D8%A7%D8%AF%D9%89+%D8%A7%D9%84%D8%B5%D8%BA%D9%8A%D8%B1%E2%80%AD/data=!4m7!3m6!1s0x14f63becc5880ddb:0xc537c265d23d45ce!8m2!3d31.0970877!4d29.7691582!16s%2Fg%2F11rs0l8589!19sChIJ2w2Ixew79hQRzkU90mXCN8U?authuser=0&hl=en&g_ep=EgoyMDI2MDkwOS4wIJJjKgBIAVAD&rclk=1
عيادة دكتور احمد سعد الشخيبى,مسالك بولية,طبيب مسالك بولية,,"مستشفى العامريه العام امام معمل عبدالله جعفر بجوار صيدلية سيدى رافع, Sayed El-Agamy",31.104172,29.7662823,https://www.google.com/maps/place/%D8%B9%D9%8A%D8%A7%D8%AF%D8%A9+%D8%AF%D9%83%D8%AA%D9%88%D8%B1+%D8%A7%D8%AD%D9%85%D8%AF+%D8%B3%D8%B9%D8%AF+%D8%A7%D9%84%D8%B4%D8%AE%D9%8A%D8%A8%D9%89%E2%80%AD/data=!4m7!3m6!1s0x14f595004676aaa5:0xfa05af04e706c848!8m2!3d31.104172!4d29.7662823!16s%2Fg%2F11y7tk6cy3!19sChIJpap2RgCV9RQRSMgG5wSvBfo?authuser=0&hl=en&g_ep=EgoyMDI2MDkwOS4wIJJjKgBIAVAD&rclk=1
Abou Hendeya Hospital,مستشفى,مستشفى خاصة,034344612,مسجد أبو ذر الغفاري،,31.0964702,29.7716476,https://www.google.com/maps/place/Abou+Hendeya+Hospital/data=!4m7!3m6!1s0x14f594b8cd1f608f:0xd008028537d75eda!8m2!3d31.0964702!4d29.7716476!16s%2Fg%2F11b5phs02b!19sChIJj2AfzbiU9RQR2l7XN4UCCNA?authuser=0&hl=en&g_ep=EgoyMDI2MDkwOS4wIJJjKgBIAVAD&rclk=1
Ibrahim Obeid specialized hospital,مستشفى,مستشفى,035821262,76 Abd El-Salam Aref,31.2375583,29.958085,https://www.google.com/maps/place/Ibrahim+Obeid+specialized+hospital/data=!4m7!3m6!1s0x14f5c4d8a2b7b92d:0x313d3d7fa7f171ee!8m2!3d31.2375583!4d29.958085!16s%2Fg%2F1tl6ns6y!19sChIJLbm3otjE9RQR7nHxp389PTE?authuser=0&hl=en&g_ep=EgoyMDI2MDkwOS4wIJJjKgBIAVAD&rclk=1
Isa Abdullah Specialist Hospital,مستشفى,طبيب,0464934823,,31.3512047,27.2431028,https://www.google.com/maps/place/Isa+Abdullah+Specialist+Hospital/data=!4m7!3m6!1s0x1461fecabb8b3f45:0x3ddf710a088ed028!8m2!3d31.3512047!4d27.2431028!16s%2Fg%2F11cmdrks81!19sChIJRT-Lu8r-YRQRKNCOCApx3z0?authuser=0&hl=en&g_ep=EgoyMDI2MDkwOS4wIJJjKgBIAVAD&rclk=1
Marsa Matrouh Hospital,مستشفى,مستشفى,0464933355,شارع إسكندرية,31.3492024,27.2413462,https://www.google.com/maps/place/Marsa+Matrouh+Hospital/data=!4m7!3m6!1s0x1461f934fc984e1d:0x721f5a156799f09e!8m2!3d31.3492024!4d27.2413462!16s%2Fg%2F1tsyxvcv!19sChIJHU6Y_DT5YRQRnvCZZxVaH3I?authuser=0&hl=en&g_ep=EgoyMDI2MDkwOS4wIJJjKgBIAVAD&rclk=1
New Alamein Clinic | عيادة العلمين الجديدة,مستشفى,مستشفى خاصة,01556414644,RXQ2+R2,30.8395223,28.9500911,https://www.google.com/maps/place/New+Alamein+Clinic+%7C+%D8%B9%D9%8A%D8%A7%D8%AF%D8%A9+%D8%A7%D9%84%D8%B9%D9%84%D9%85%D9%8A%D9%86+%D8%A7%D9%84%D8%AC%D8%AF%D9%8A%D8%AF%D8%A9%E2%80%AD/data=!4m7!3m6!1s0x145fef00371fc88d:0xd46e7684f1c2a652!8m2!3d30.8395223!4d28.9500911!16s%2Fg%2F11lw39g_mb!19sChIJjcgfNwDvXxQRUqbC8YR2btQ?authuser=0&hl=en&g_ep=EgoyMDI2MDkwOS4wIJJjKgBIAVAD&rclk=1
Saint George Hospital,مستشفى,مستشفى,01200957777,25 Al Kroum,31.1758099,29.9006629,https://www.google.com/maps/place/Saint+George+Hospital/data=!4m7!3m6!1s0x14f5c3b85cf9f91d:0xc7023f20919c3198!8m2!3d31.1758099!4d29.9006629!16s%2Fg%2F1tfx_7k1!19sChIJHfn5XLjD9RQRmDGckSA_Asc?authuser=0&hl=en&g_ep=EgoyMDI2MDkwOS4wIJJjKgBIAVAD&rclk=1
المركز التخصصي الأنف والأذن والحنجرة,مستشفى,مستشفى متخصص,033030146,"4Q2F+CWM, Alexandria - Marsa Matrouh Rd",31.1010792,29.7747872,https://www.google.com/maps/place/%D8%A7%D9%84%D9%85%D8%B1%D9%83%D8%B2+%D8%A7%D9%84%D8%AA%D8%AE%D8%B5%D8%B5%D9%8A+%D8%A7%D9%84%D8%A3%D9%86%D9%81+%D9%88%D8%A7%D9%84%D8%A3%D8%B0%D9%86+%D9%88%D8%A7%D9%84%D8%AD%D9%86%D8%AC%D8%B1%D8%A9%E2%80%AD/data=!4m7!3m6!1s0x14f595a7549c43e1:0xc8847e6086a89425!8m2!3d31.1010792!4d29.7747872!16s%2Fg%2F11h8jkpgj_!19sChIJ4UOcVKeV9RQRJZSohmB-hMg?authuser=0&hl=en&g_ep=EgoyMDI2MDkwOS4wIJJjKgBIAVAD&rclk=1
مستشفى مبرة العصافرة,مستشفى,مستشفى,0315016,,31.0783283,29.7347994,https://www.google.com/maps/place/%D9%85%D8%B3%D8%AA%D8%B4%D9%81%D9%89+%D9%85%D8%A8%D8%B1%D8%A9+%D8%A7%D9%84%D8%B9%D8%B5%D8%A7%D9%81%D8%B1%D8%A9%E2%80%AD/data=!4m7!3m6!1s0x14f59384f048a451:0xcbbeed7912d364d0!8m2!3d31.0783283!4d29.7347994!16s%2Fg%2F1z44qts7x!19sChIJUaRI8IST9RQR0GTTEnntvss?authuser=0&hl=en&g_ep=EgoyMDI2MDkwOS4wIJJjKgBIAVAD&rclk=1
مستشفى مبره النخيل,مستشفى,مستشفى,033182137,,31.1009361,29.7734159,https://www.google.com/maps/place/%D9%85%D8%B3%D8%AA%D8%B4%D9%81%D9%89+%D9%85%D8%A8%D8%B1%D9%87+%D8%A7%D9%84%D9%86%D8%AE%D9%8A%D9%84%E2%80%AD/data=!4m7!3m6!1s0x14f594c6e5cd98fd:0xf7ab08afe1204559!8m2!3d31.1009361!4d29.7734159!16s%2Fg%2F11fsls0_2w!19sChIJ_ZjN5caU9RQRWUUg4a8Iq_c?authuser=0&hl=en&g_ep=EgoyMDI2MDkwOS4wIJJjKgBIAVAD&rclk=1
Dr. Ahmed Hashem,نساء وتوليد,طبيب أمراض نسائية و توليد,034343294,أبو يوسف,31.0933391,29.7610919,https://www.google.com/maps/place/Dr.+Ahmed+Hashem/data=!4m7!3m6!1s0x14f5c37fb5c65dd7:0x20b625b982155819!8m2!3d31.0933391!4d29.7610919!16s%2Fg%2F11cn6bvnyy!19sChIJ113GtX_D9RQRGVgVgrkltiA?authuser=0&hl=en&g_ep=EgoyMDI2MDkwOS4wIJJjKgBIAVAD&rclk=1
Dr. Mervat Fathy,نساء وتوليد,طبيب أمراض نسائية و توليد,033015933,مدرسة الضوى، طريق اسكندرية مطروح بجوار شارع,31.093773,29.7646106,https://www.google.com/maps/place/Dr.+Mervat+Fathy/data=!4m7!3m6!1s0x14f59496143cf61b:0x6c34aa090321fe13!8m2!3d31.093773!4d29.7646106!16s%2Fg%2F11h3ydqq8v!19sChIJG_Y8FJaU9RQRE_4hAwmqNGw?authuser=0&hl=en&g_ep=EgoyMDI2MDkwOS4wIJJjKgBIAVAD&rclk=1
د.بسمة يحيي لأمراض النساء و التوليد,نساء وتوليد,طبيب أمراض نسائية و توليد,01278166782,"قبل صيدلية شهاب في وش جزارة العربي عمارة شهرزاد, العجمي أبو يوسف, Al Haded We Al Soulb",31.094199,29.7599108,https://www.google.com/maps/place/%D8%AF.%D8%A8%D8%B3%D9%85%D8%A9+%D9%8A%D8%AD%D9%8A%D9%8A+%D9%84%D8%A3%D9%85%D8%B1%D8%A7%D8%B6+%D8%A7%D9%84%D9%86%D8%B3%D8%A7%D8%A1+%D9%88+%D8%A7%D9%84%D8%AA%D9%88%D9%84%D9%8A%D8%AF%E2%80%AD/data=!4m7!3m6!1s0x14f595a5a1d4b7cb:0xe8fb626d3ee1e393!8m2!3d31.094199!4d29.7599108!16s%2Fg%2F11sqh9p0p6!19sChIJy7fUoaWV9RQRk-PhPm1i--g?authuser=0&hl=en&g_ep=EgoyMDI2MDkwOS4wIJJjKgBIAVAD&rclk=1
د/ عمرو على,نساء وتوليد,طبيب أمراض نسائية و توليد,01280109499,طريق اسكندرية مطروح ال٢١ بجوار شارع ردن بيكس,31.0853899,29.7452664,https://www.google.com/maps/place/%D8%AF%2F+%D8%B9%D9%85%D8%B1%D9%88+%D8%B9%D9%84%D9%89%E2%80%AD/data=!4m7!3m6!1s0x14f59481b6dba8d1:0x280f25ade652e97d!8m2!3d31.0853899!4d29.7452664!16s%2Fg%2F11h1k1kgvs!19sChIJ0ajbtoGU9RQRfelS5q0lDyg?authuser=0&hl=en&g_ep=EgoyMDI2MDkwOS4wIJJjKgBIAVAD&rclk=1
دكتور احمد الدمرداش,نساء وتوليد,طبيب أمراض نسائية و توليد,0225983900,الكيلو ٢١ طريق الاسكندرية مطروح - الدور التاني - اعاى البان جادو وصيدليه حجازي EG,31.0791383,29.7361604,https://www.google.com/maps/place/%D8%AF%D9%83%D8%AA%D9%88%D8%B1+%D8%A7%D8%AD%D9%85%D8%AF+%D8%A7%D9%84%D8%AF%D9%85%D8%B1%D8%AF%D8%A7%D8%B4%E2%80%AD/data=!4m7!3m6!1s0x14f593514da7973b:0x83d465281accab29!8m2!3d31.0791383!4d29.7361604!16s%2Fg%2F11fkvz5rmb!19sChIJO5enTVGT9RQRKavMGihl1IM?authuser=0&hl=en&g_ep=EgoyMDI2MDkwOS4wIJJjKgBIAVAD&rclk=1
دكتور احمد حسن ابو العنين,نساء وتوليد,طبيب أمراض نسائية و توليد,01007696043,Alex matrouh st,31.0937067,29.7641275,https://www.google.com/maps/place/%D8%AF%D9%83%D8%AA%D9%88%D8%B1+%D8%A7%D8%AD%D9%85%D8%AF+%D8%AD%D8%B3%D9%86+%D8%A7%D8%A8%D9%88+%D8%A7%D9%84%D8%B9%D9%86%D9%8A%D9%86%E2%80%AD/data=!4m7!3m6!1s0x14f595db7ac3e74f:0x83b4c6082cfcf969!8m2!3d31.0937067!4d29.7641275!16s%2Fg%2F11vf5731wn!19sChIJT-fDetuV9RQRafn8LAjGtIM?authuser=0&hl=en&g_ep=EgoyMDI2MDkwOS4wIJJjKgBIAVAD&rclk=1
دكتور طارق المهداوى,نساء وتوليد,طبيب أمراض نسائية و توليد,01030802170,"مقابل ميدان الهانوفيل, Alexandria - Marsa Matrouh Rd",31.1164907,29.7927758,https://www.google.com/maps/place/%D8%AF%D9%83%D8%AA%D9%88%D8%B1+%D8%B7%D8%A7%D8%B1%D9%82+%D8%A7%D9%84%D9%85%D9%87%D8%AF%D8%A7%D9%88%D9%89%E2%80%AD/data=!4m7!3m6!1s0x14f594bf50fcdce5:0xa9dfaa0cd3319bb8!8m2!3d31.1164907!4d29.7927758!16s%2Fg%2F11fks28d0t!19sChIJ5dz8UL-U9RQRuJsx0wyq36k?authuser=0&hl=en&g_ep=EgoyMDI2MDkwOS4wIJJjKgBIAVAD&rclk=1
دكتور محمد عبداللاه اخصائي نساء و توليد,نساء وتوليد,طبيب,01091611163,معمل حساب، عماره الصابرين امام مدرسه العجمي النموذجيه بجوار,31.1022363,29.7767199,https://www.google.com/maps/place/%D8%AF%D9%83%D8%AA%D9%88%D8%B1+%D9%85%D8%AD%D9%85%D8%AF+%D8%B9%D8%A8%D8%AF%D8%A7%D9%84%D9%84%D8%A7%D9%87+%D8%A7%D8%AE%D8%B5%D8%A7%D8%A6%D9%8A+%D9%86%D8%B3%D8%A7%D8%A1+%D9%88+%D8%AA%D9%88%D9%84%D9%8A%D8%AF%E2%80%AD/data=!4m7!3m6!1s0x14f594c607a00237:0xef169f99902b86d3!8m2!3d31.1022363!4d29.7767199!16s%2Fg%2F11c1r6z4gq!19sChIJNwKgB8aU9RQR04YrkJmfFu8?authuser=0&hl=en&g_ep=EgoyMDI2MDkwOS4wIJJjKgBIAVAD&rclk=1
دكتورة إيناس عبد السميع,نساء وتوليد,طبيب أمراض نسائية و توليد,01223278258,"بجوار كشرى الحارونى امام صيدلية شكر ومعمل ألفا, El drisa, Alexandria - Marsa Matrouh Rd",31.1036306,29.7781183,https://www.google.com/maps/place/%D8%AF%D9%83%D8%AA%D9%88%D8%B1%D8%A9+%D8%A5%D9%8A%D9%86%D8%A7%D8%B3+%D8%B9%D8%A8%D8%AF+%D8%A7%D9%84%D8%B3%D9%85%D9%8A%D8%B9%E2%80%AD/data=!4m7!3m6!1s0x14f594e8c49725ab:0x92a2254bcc07f6!8m2!3d31.1036306!4d29.7781183!16s%2Fg%2F11h3_hzzlj!19sChIJqyWXxOiU9RQR9gfMSyWikgA?authuser=0&hl=en&g_ep=EgoyMDI2MDkwOS4wIJJjKgBIAVAD&rclk=1
دكتورة فائقة فرج,نساء وتوليد,طبيب أمراض نسائية و توليد,01224886552,طريق اسكندرية مطروح مقابل، نقطة فوزى معاذ,31.0967658,29.7687708,https://www.google.com/maps/place/%D8%AF%D9%83%D8%AA%D9%88%D8%B1%D8%A9+%D9%81%D8%A7%D8%A6%D9%82%D8%A9+%D9%81%D8%B1%D8%AC%E2%80%AD/data=!4m7!3m6!1s0x14f594bf072e763f:0x20e1ef33f4d4e7a1!8m2!3d31.0967658!4d29.7687708!16s%2Fg%2F11h6gd8mx4!19sChIJP3YuB7-U9RQRoefU9DPv4SA?authuser=0&hl=en&g_ep=EgoyMDI2MDkwOS4wIJJjKgBIAVAD&rclk=1
دكتورة هدى الكيلانى,نساء وتوليد,طبيب أمراض نسائية و توليد,01020889905,طريق اسكندرية مطروح ال٢١ بجوار شارع ردن بيكس,31.085964,29.7478011,https://www.google.com/maps/place/%D8%AF%D9%83%D8%AA%D9%88%D8%B1%D8%A9+%D9%87%D8%AF%D9%89+%D8%A7%D9%84%D9%83%D9%8A%D9%84%D8%A7%D9%86%D9%89%E2%80%AD/data=!4m7!3m6!1s0x14f5948182edc1ff:0x987751b6c28cb127!8m2!3d31.085964!4d29.7478011!16s%2Fg%2F11fkt7cdmw!19sChIJ_8HtgoGU9RQRJ7GMwrZRd5g?authuser=0&hl=en&g_ep=EgoyMDI2MDkwOS4wIJJjKgBIAVAD&rclk=1
عيادة الدكتور محمد الشرقاوى,نساء وتوليد,طبيب أمراض نسائية و توليد,,3QQ2+938,31.0884018,29.750192,https://www.google.com/maps/place/%D8%B9%D9%8A%D8%A7%D8%AF%D8%A9+%D8%A7%D9%84%D8%AF%D9%83%D8%AA%D9%88%D8%B1+%D9%85%D8%AD%D9%85%D8%AF+%D8%A7%D9%84%D8%B4%D8%B1%D9%82%D8%A7%D9%88%D9%89%E2%80%AD/data=!4m7!3m6!1s0x14f5950056b9a1b1:0x69c5118898889dcb!8m2!3d31.0884018!4d29.750192!16s%2Fg%2F11mrlkjljx!19sChIJsaG5VgCV9RQRy52ImIgRxWk?authuser=0&hl=en&g_ep=EgoyMDI2MDkwOS4wIJJjKgBIAVAD&rclk=1
عيادة د الاء محمد علي أخصائية النساء والتوليد,نساء وتوليد,طبيب أمراض نسائية و توليد,01014218672,"الاسكندريه مطروح, Gomaa Moftah",31.0938566,29.7634883,https://www.google.com/maps/place/%D8%B9%D9%8A%D8%A7%D8%AF%D8%A9+%D8%AF+%D8%A7%D9%84%D8%A7%D8%A1+%D9%85%D8%AD%D9%85%D8%AF+%D8%B9%D9%84%D9%8A+%D8%A3%D8%AE%D8%B5%D8%A7%D8%A6%D9%8A%D8%A9+%D8%A7%D9%84%D9%86%D8%B3%D8%A7%D8%A1+%D9%88%D8%A7%D9%84%D8%AA%D9%88%D9%84%D9%8A%D8%AF%E2%80%AD/data=!4m7!3m6!1s0x14f595d280f091f3:0xf13a77fe2270c3e6!8m2!3d31.0938566!4d29.7634883!16s%2Fg%2F11xzrmc42f!19sChIJ85HwgNKV9RQR5sNwIv53OvE?authuser=0&hl=en&g_ep=EgoyMDI2MDkwOS4wIJJjKgBIAVAD&rclk=1
عيادة د/ محمد الحوفى,نساء وتوليد,طبيب أمراض نسائية و توليد,01063489294,شارع إسكندرية، قسم مرسى مطروح،,31.349911,27.2420748,https://www.google.com/maps/place/%D8%B9%D9%8A%D8%A7%D8%AF%D8%A9+%D8%AF%2F+%D9%85%D8%AD%D9%85%D8%AF+%D8%A7%D9%84%D8%AD%D9%88%D9%81%D9%89%E2%80%AD/data=!4m7!3m6!1s0x1461f91cab844061:0xefd610db5a9be7ad!8m2!3d31.349911!4d27.2420748!16s%2Fg%2F11t9rl5x7c!19sChIJYUCEqxz5YRQRreebWtsQ1u8?authuser=0&hl=en&g_ep=EgoyMDI2MDkwOS4wIJJjKgBIAVAD&rclk=1
عيادة دكتور تامر سلطان,نساء وتوليد,طبيب أمراض نسائية و توليد,01223368365,الكيلو١٧.٥ طريق اسكندرية مطروح، أبو يوسف,31.092096,29.7587227,https://www.google.com/maps/place/%D8%B9%D9%8A%D8%A7%D8%AF%D8%A9+%D8%AF%D9%83%D8%AA%D9%88%D8%B1+%D8%AA%D8%A7%D9%85%D8%B1+%D8%B3%D9%84%D8%B7%D8%A7%D9%86%E2%80%AD/data=!4m7!3m6!1s0x14f59490bea18d01:0x79cef59132383b76!8m2!3d31.092096!4d29.7587227!16s%2Fg%2F11h6tzsqzc!19sChIJAY2hvpCU9RQRdjs4MpH1znk?authuser=0&hl=en&g_ep=EgoyMDI2MDkwOS4wIJJjKgBIAVAD&rclk=1
عيادة دكتور محمدعبدالمولى ابوالفتوح,نساء وتوليد,طبيب أمراض نسائية و توليد,,ك 21،،,31.0790459,29.7358965,https://www.google.com/maps/place/%D8%B9%D9%8A%D8%A7%D8%AF%D8%A9+%D8%AF%D9%83%D8%AA%D9%88%D8%B1+%D9%85%D8%AD%D9%85%D8%AF%D8%B9%D8%A8%D8%AF%D8%A7%D9%84%D9%85%D9%88%D9%84%D9%89+%D8%A7%D8%A8%D9%88%D8%A7%D9%84%D9%81%D8%AA%D9%88%D8%AD%E2%80%AD/data=!4m7!3m6!1s0x14f593c14ea5d6a7:0xc4ac1a55779d30b8!8m2!3d31.0790459!4d29.7358965!16s%2Fg%2F11s9dyf1gn!19sChIJp9alTsGT9RQRuDCdd1UarMQ?authuser=0&hl=en&g_ep=EgoyMDI2MDkwOS4wIJJjKgBIAVAD&rclk=1
عيادة دكتورة سارة الحسن عبدالرحيم,نساء وتوليد,طبيب أمراض نسائية و توليد,01000539378,"963V+3C8, Zaher Galal",31.3526603,27.2435721,https://www.google.com/maps/place/%D8%B9%D9%8A%D8%A7%D8%AF%D8%A9+%D8%AF%D9%83%D8%AA%D9%88%D8%B1%D8%A9+%D8%B3%D8%A7%D8%B1%D8%A9+%D8%A7%D9%84%D8%AD%D8%B3%D9%86+%D8%B9%D8%A8%D8%AF%D8%A7%D9%84%D8%B1%D8%AD%D9%8A%D9%85%E2%80%AD/data=!4m7!3m6!1s0x1461ff319ef8bc7b:0xf3df1555156728f!8m2!3d31.3526603!4d27.2435721!16s%2Fg%2F11s9cxxy4c!19sChIJe7z4njH_YRQRj3JWUVXxPQ8?authuser=0&hl=en&g_ep=EgoyMDI2MDkwOS4wIJJjKgBIAVAD&rclk=1
عياده.د.ايمان عرفان نسا وتوليد,نساء وتوليد,طبيب أمراض نسائية و توليد,01023126428,خلف مستشفى النساء والولادة,31.3503783,27.2451467,https://www.google.com/maps/place/%D8%B9%D9%8A%D8%A7%D8%AF%D9%87.%D8%AF.%D8%A7%D9%8A%D9%85%D8%A7%D9%86+%D8%B9%D8%B1%D9%81%D8%A7%D9%86+%D9%86%D8%B3%D8%A7+%D9%88%D8%AA%D9%88%D9%84%D9%8A%D8%AF%E2%80%AD/data=!4m7!3m6!1s0x1461ffbf6b30d6a3:0x24309647ee6680a2!8m2!3d31.3503783!4d27.2451467!16s%2Fg%2F11rzg3wc9y!19sChIJo9Ywa7__YRQRooBm7keWMCQ?authuser=0&hl=en&g_ep=EgoyMDI2MDkwOS4wIJJjKgBIAVAD&rclk=1
عيادة الدكتور ياسر الحداد,نفسية,طبيب نفسي,01098088803,4Q29+XCM، شارع الهانوفيل متفرع من طريق اسكندرية مطروح,31.1024618,29.7685557,https://www.google.com/maps/place/%D8%B9%D9%8A%D8%A7%D8%AF%D8%A9+%D8%A7%D9%84%D8%AF%D9%83%D8%AA%D9%88%D8%B1+%D9%8A%D8%A7%D8%B3%D8%B1+%D8%A7%D9%84%D8%AD%D8%AF%D8%A7%D8%AF%E2%80%AD/data=!4m7!3m6!1s0x14f594c1a7a16f61:0x81fdbd3e7a48cbb9!8m2!3d31.1024618!4d29.7685557!16s%2Fg%2F11h6r6r7g2!19sChIJYW-hp8GU9RQRuctIej69_YE?authuser=0&hl=en&g_ep=EgoyMDI2MDkwOS4wIJJjKgBIAVAD&rclk=1
عيادة دكتور اسراء فهمي,نفسية,عيادة متخصصة بالأمراض النفسية والعصبية,01040143049,"3QXC+QJV, Al Hanouvel",31.0994848,29.7715327,https://www.google.com/maps/place/%D8%B9%D9%8A%D8%A7%D8%AF%D8%A9+%D8%AF%D9%83%D8%AA%D9%88%D8%B1+%D8%A7%D8%B3%D8%B1%D8%A7%D8%A1+%D9%81%D9%87%D9%85%D9%8A%E2%80%AD/data=!4m7!3m6!1s0x14f59500431a12e7:0xe6a796eaeced0f33!8m2!3d31.0994848!4d29.7715327!16s%2Fg%2F11z3ql2psl!19sChIJ5xIaQwCV9RQRMw_t7OqWp-Y?authuser=0&hl=en&g_ep=EgoyMDI2MDkwOS4wIJJjKgBIAVAD&rclk=1
عياده دكتور هشام الششتاوي نفسية,نفسية,مستشار صحي,01122514425,38 Youssef Fahmy Othman,31.2117134,29.9243704,https://www.google.com/maps/place/%D8%B9%D9%8A%D8%A7%D8%AF%D9%87+%D8%AF%D9%83%D8%AA%D9%88%D8%B1+%D9%87%D8%B4%D8%A7%D9%85+%D8%A7%D9%84%D8%B4%D8%B4%D8%AA%D8%A7%D9%88%D9%8A+%D9%86%D9%81%D8%B3%D9%8A%D8%A9%E2%80%AD/data=!4m7!3m6!1s0x14f5c55b9c10deb5:0x2f52f2ef5e067fdb!8m2!3d31.2117134!4d29.9243704!16s%2Fg%2F11llbhkh5r!19sChIJtd4QnFvF9RQR238GXu_yUi8?authuser=0&hl=en&g_ep=EgoyMDI2MDkwOS4wIJJjKgBIAVAD&rclk=1
